sector,quarter,cum_funding_m,num_companies,avg_funding_rounds,avg_investor_quality,total_venture_m,total_seed_m,total_angel_m,total_pe_m,max_single_round_m,avg_round_types,cum_funding_running_m,new_funding_m,rolling_2q_funding,prev_2q_funding,funding_velocity,round_frequency,valuation_stepup,investor_competition,sentiment_proxy,stem,investor_tier,sector_multiple,trl,regulatory_momentum,cost_years_remaining,competitor_count,current_value_score,momentum_score,future_potential_score,techstock_score,techstock_market_cap_m
Data Center,1990-01-01,1.0,1,1.0,1.2,1.0,0.0,0.0,0.0,1.0,0.0,1.0,1.0,1.0,,,0.01075268805642271,1.0,0.0,0.0,data_center,1.4,14.0,7.0,0.5,3.0,1.0,0.0,15.060934142295823,82.54290762089086,25.907053855026252,16.108530779921413
Autonomous Vehicles,1998-10-01,77.33699,1,3.0,1.5,75.35,1.98699,0.0,0.0,77.33699,2.0,77.33699,77.33699,77.33699,,,0.015384615147928998,1.0,0.25,0.0,Autonomous_Vehicles,1.5,12.0,6.0,0.3,4.0,1.0,0.0936158626453995,27.344500175030586,72.14035920633015,27.6431112079014,1197.0941804119643
AI Campus,2000-01-01,2.25,1,2.0,1.2,2.05,0.0,0.2,0.0,2.25,1.0,2.25,2.25,2.25,,,0.03999999840000006,1.0,0.125,0.0,AI_Campus,1.5,18.0,5.0,0.6,5.0,1.0,0.0012231453398598442,21.86019752005941,68.27243863430942,24.719668048734093,1767.6623734104694
Data Center,2000-01-01,12.15,2,1.0,1.25,11.5,0.65,0.0,0.0,11.5,0.0,13.15,12.15,13.15,,,0.02150537611284542,10.0,0.0,0.0,data_center,1.4,14.0,7.0,0.5,3.0,1.5,0.012425118077409586,37.6773953060955,82.5767935588312,33.836256794072185,1787.4902124418397
Data Center,2000-04-01,5.3,1,1.0,1.5,5.3,0.0,0.0,0.0,5.3,1.0,18.45,5.3,17.45,1.0,3.0,0.01075268805642271,0.4608695652173913,0.125,0.0,data_center,1.4,14.0,7.0,0.5,3.0,1.3333333333333333,0.021588515248526254,47.36708842800106,84.44261996421223,37.697771346952834,2002.0082160563875
Data Center,2000-10-01,21.0,1,3.0,1.5,17.0,4.0,0.0,0.0,21.0,1.0,39.45,21.0,26.299999999999997,13.15,0.9999999239543782,0.01075268805642271,3.9622641509433962,0.125,0.0,data_center,1.4,14.0,7.0,0.5,3.0,1.25,0.047274567385582986,37.69042991089938,84.43697230788884,34.31980337274123,784.5600696323047
Autonomous Vehicles,2002-04-01,6.779357,1,2.0,1.5,6.779357,0.0,0.0,0.0,6.779357,2.0,84.116347,6.779357,84.116347,,,0.015384615147928998,0.2,0.25,0.0,Autonomous_Vehicles,1.5,12.0,6.0,0.3,4.0,1.0,0.10190800156719573,25.35748207392443,72.14035920633015,26.950971728082965,680.3805971211154
Semiconductor Plant,2002-07-01,18.885799,1,2.0,1.0,0.0,0.0,0.0,0.0,18.885799,0.0,18.885799,18.885799,18.885799,,,0.041666664930555625,1.0,0.0,0.0,SemiConductor_Plant,1.5,10.0,7.0,0.8,6.0,1.0,0.014421535085698597,15.815643249121509,80.99450851222971,25.789870879284237,601.8377968680946
AI Campus,2003-01-01,0.35,1,1.0,1.0,0.0,0.35,0.0,0.0,0.35,0.0,2.6,0.35,2.6,,,0.03999999840000006,0.2,0.0,0.0,AI_Campus,1.5,18.0,5.0,0.6,5.0,1.0,0.0011416023172025214,13.78793648431566,66.39531691628162,21.425063639507766,962.9563652510745
Robotics,2003-01-01,19.5,1,1.0,1.5,19.5,0.0,0.0,0.0,19.5,1.0,19.5,19.5,19.5,,,0.04761904535147403,1.0,0.125,0.0,robotics,1.3,16.0,4.0,0.2,7.0,1.0,0.02287281785537909,22.04620283872228,28.89886129978274,14.950035445640633,888.792313825934
Data Center,2003-04-01,0.25,1,1.0,1.0,0.0,0.25,0.0,0.0,0.25,0.0,39.7,0.25,21.249999999999996,17.45,0.21776503050057114,0.01075268805642271,0.2,0.0,-0.375,data_center,1.4,14.0,7.0,0.5,3.0,1.25,0.03139406372306934,10.509731586632393,76.92848543577762,22.92308503975497,603.1634256452563
Autonomous Vehicles,2003-07-01,15.0,1,1.0,1.5,15.0,0.0,0.0,0.0,15.0,0.0,99.116347,15.0,21.779357,77.33699,-0.7183836904127806,0.015384615147928998,2.2125992184804546,0.0,0.0,Autonomous_Vehicles,1.5,12.0,6.0,0.3,4.0,1.0,0.12025518166509341,11.586286238658813,68.38611577027453,21.199831198765253,470.00143763723094
Autonomous Vehicles,2003-10-01,4.53,1,3.0,1.2,3.4,0.0,0.0,0.0,4.53,1.0,103.646347,4.53,19.53,84.116347,-0.7678215773228767,0.015384615147928998,0.302,0.125,0.0,Autonomous_Vehicles,1.5,12.0,6.0,0.3,4.0,1.0,0.10044112078934922,12.4718659318105,70.26323748830235,21.971138896525,530.147387256182
AI Intersections,2004-04-01,16.208468,2,1.0,1.35,16.208468,0.0,0.0,0.0,15.0,1.0,16.208468,16.208468,16.208468,,,0.00591715974580722,1.0,0.125,0.0,AI_Intersections,1.2,20.0,3.0,0.4,8.0,2.0,0.016864264618532795,21.028126356148004,19.233838778364607,12.175049625090367,871.1233704936377
Semiconductor Plant,2004-04-01,18.0,1,3.0,1.5,18.0,0.0,0.0,0.0,18.0,0.0,36.885799,18.0,36.885799,,,0.041666664930555625,0.9530970863345523,0.0,0.0,SemiConductor_Plant,1.5,10.0,7.0,0.8,6.0,1.0,0.044138176881969034,15.69914707606168,80.99450851222971,25.760983875431805,621.7494912774234
AI Intersections,2004-07-01,52.065215,1,1.0,1.0,0.0,0.0,0.0,0.0,52.065215,0.0,68.273683,52.065215,68.273683,,,0.00295857987290361,3.4710143333333336,0.0,0.0,AI_Intersections,1.2,20.0,3.0,0.4,8.0,1.5,0.05469390852579098,21.008092779258007,17.3228311223965,11.705417816749744,2197.596099432467
Autonomous Vehicles,2004-07-01,0.35,1,1.0,1.0,0.0,0.0,0.35,0.0,0.35,0.0,103.996347,0.35,4.88,21.779357,-0.7759345798898205,0.015384615147928998,0.2,0.0,-0.49773717596198147,Autonomous_Vehicles,1.5,12.0,6.0,0.3,4.0,1.0,0.08382324852511033,0.0,60.911609667330055,15.261431716242559,1039.4841959999999
Semiconductor Plant,2004-07-01,9.332799,3,1.6666666666666667,1.2333333333333334,9.332799,0.0,0.0,0.0,4.062799,0.3333333333333333,46.218598,9.332799,27.332799,18.885799,0.4472672589988247,0.12499999479166687,0.22571105555555557,0.041666666666666664,0.0,SemiConductor_Plant,1.5,10.0,7.0,0.8,6.0,1.6666666666666667,0.04550340199625778,22.064226686530485,81.6653970021594,28.157029951624022,973.4379658696607
AI Campus,2004-10-01,5.25,1,5.0,1.0,0.0,0.0,0.0,0.0,5.25,0.0,7.85,5.25,5.6,2.25,1.4888882271607877,0.03999999840000006,10.0,0.0,0.0,AI_Campus,1.5,18.0,5.0,0.6,5.0,1.0,0.005422611006711977,51.80682249483777,66.39531691628162,34.733386146666305,1830.7360113848383
AI Intersections,2005-01-01,139.5,15,1.0666666666666667,1.3066666666666669,139.5,0.0,0.0,0.0,74.0,0.4666666666666667,207.773683,139.5,191.56521500000002,16.208468,3.0,0.044378698093554145,1.4212944285354434,0.058333333333333334,0.0,AI_Intersections,1.2,20.0,3.0,0.4,8.0,6.0,0.22040340716351414,47.32802103015418,18.503794698938886,21.278917398154093,4550.455731763514
Autonomous Vehicles,2005-01-01,0.15,1,1.0,1.2,0.15,0.0,0.0,0.0,0.15,1.0,104.146347,0.15,0.5,19.53,-0.9743983116027489,0.015384615147928998,0.4285714285714286,0.125,-0.4889370039075977,Autonomous_Vehicles,1.5,12.0,6.0,0.3,4.0,1.0,0.10093037892529315,4.936863805677968,62.920883338043176,17.4984953180682,1942.1647467637806
Data Center,2005-01-01,4.5,1,1.0,1.0,0.0,4.5,0.0,0.0,4.5,0.0,44.2,4.5,4.7499999999999964,26.299999999999997,-0.8193916038254144,0.01075268805642271,10.0,0.0,-0.3148148148148148,data_center,1.4,14.0,7.0,0.5,3.0,1.0,0.03506349974264887,26.055304051643077,77.81534181252455,28.587217271103274,2636.5727395441663
Semiconductor Plant,2005-01-01,28.7,4,1.0,1.425,28.7,0.0,0.0,0.0,11.2,0.5,74.918598,28.7,38.032799,36.885799,0.03109597731376298,0.1666666597222225,2.756720182317658,0.0625,0.0,SemiConductor_Plant,1.5,10.0,7.0,0.8,6.0,2.25,0.08607600104001853,26.558876378860692,82.01778421609438,29.834483187040846,2187.570178208607
AI Intersections,2005-04-01,44.583807,12,1.1666666666666667,1.2583333333333333,44.583807,0.0,0.0,0.0,12.15,0.5,252.35749,44.583807,184.083807,68.273683,1.6962629993717637,0.03550295847484332,0.2,0.0625,0.0,AI_Intersections,1.2,20.0,3.0,0.4,8.0,7.5,0.2579612229987028,32.30376721844497,18.66802323669406,16.076508824828736,2062.1872519550434
Autonomous Vehicles,2005-04-01,27.0,1,1.0,1.5,27.0,0.0,0.0,0.0,27.0,1.0,131.146347,27.0,27.15,4.88,3.0,0.015384615147928998,10.0,0.125,0.4,Autonomous_Vehicles,1.5,12.0,6.0,0.3,4.0,1.0,0.1594325269008042,76.04223258997689,76.27002698599131,45.746061163750056,2213.5650388268696
Data Center,2005-04-01,1.5,1,1.0,1.2,1.5,0.0,0.0,0.0,1.5,0.0,45.7,1.5,5.9999999999999964,21.249999999999996,-0.7176470250519048,0.01075268805642271,0.3333333333333333,0.0,-0.3584905660377359,data_center,1.4,14.0,7.0,0.5,3.0,1.0,0.04373967735338804,2.448548466961463,77.15946420315075,20.164353885165553,1459.8644598427888
Semiconductor Plant,2005-04-01,117.13295,9,1.0,1.411111111111111,117.13295,0.0,0.0,0.0,40.0,0.6666666666666666,192.051548,117.13295,145.83294999999998,27.332799,3.0,0.37499998437500065,3.5714285714285716,0.08333333333333333,1.0,SemiConductor_Plant,1.5,10.0,7.0,0.8,6.0,4.25,0.22000802747279202,74.12961996387841,97.48315533174932,50.40415903128389,3312.237160717141
AI Intersections,2005-07-01,145.861091,11,1.0909090909090908,1.4000000000000001,145.644685,0.0,0.0,0.0,32.0,0.45454545454545453,398.218581,145.861091,190.444898,191.56521500000002,-0.005848227686596445,0.032544378601939705,2.633744855967078,0.056818181818181816,1.0,AI_Intersections,1.2,20.0,3.0,0.4,8.0,9.75,0.4536287385508121,34.535665980387584,33.75215998719204,20.70697458535399,7843.26898704988
Autonomous Vehicles,2005-07-01,10.0,1,1.0,1.5,10.0,0.0,0.0,0.0,10.0,1.0,141.146347,10.0,37.0,0.5,3.0,0.015384615147928998,0.37037037037037035,0.125,0.6037527593818983,Autonomous_Vehicles,1.5,12.0,6.0,0.3,4.0,1.0,0.17166398029940266,54.604619358917546,79.32977682394213,39.01272657372643,5092.565607011533
Data Center,2005-07-01,4.4438,1,2.0,1.2,2.0,0.0,2.4438,0.0,4.4438,1.0,50.143800000000006,4.4438,5.943799999999997,4.7499999999999964,0.25132626287868176,0.01075268805642271,2.9625333333333335,0.125,-0.3941952380952381,data_center,1.4,14.0,7.0,0.5,3.0,1.0,0.04808800796240338,23.531139306501878,78.50040979834499,27.880236410046862,4798.109761965256
Semiconductor Plant,2005-07-01,69.04,7,1.0,1.4142857142857144,69.04,0.0,0.0,0.0,26.0,0.5714285714285714,261.091548,69.04,186.17295000000001,38.032799,3.0,0.2916666545138894,0.65,0.07142857142857142,1.0,SemiConductor_Plant,1.5,10.0,7.0,0.8,6.0,5.75,0.3001256562146483,64.25947543571358,97.40603964861522,46.962376577139416,3767.207148952091
AI Intersections,2005-10-01,98.39352,10,1.1,1.3599999999999999,98.39352,0.0,0.0,0.0,48.3,0.6,496.61210099999994,98.39352,244.25461099999998,184.083807,0.3268663586098782,0.0295857987290361,1.509375,0.075,0.44490649851345077,AI_Intersections,1.2,20.0,3.0,0.4,8.0,12.0,0.5497569082590271,28.855500140227498,25.63854242912818,16.72896341966528,4687.17860655284
Semiconductor Plant,2005-10-01,103.62,11,1.0,1.4181818181818182,103.62,0.0,0.0,0.0,20.0,0.6363636363636364,364.711548,103.62,172.66000000000003,145.83294999999998,0.18395739656944915,0.4583333142361119,0.7692307692307693,0.07954545454545454,1.0,SemiConductor_Plant,1.5,10.0,7.0,0.8,6.0,7.75,0.42078424694851274,43.14959556170731,97.6634744210276,39.68654075063386,3943.7329936334254
AI Intersections,2006-01-01,135.892701,15,1.2,1.3666666666666667,135.892701,0.0,0.0,0.0,24.5,0.6,632.5048019999999,135.892701,234.28622099999998,190.444898,0.2302047638461558,0.044378698093554145,0.5072463768115942,0.075,-0.012929387096774214,AI_Intersections,1.2,20.0,3.0,0.4,8.0,12.0,0.703898313532917,20.26653999690858,18.76323295575661,12.065656563270323,9788.402792897457
Autonomous Vehicles,2006-01-01,15.6,2,1.5,1.35,15.6,0.0,0.0,0.0,15.0,1.0,156.746347,15.6,25.6,27.15,-0.05709023730791012,0.030769230295857996,1.5,0.125,1.0,Autonomous_Vehicles,1.5,12.0,6.0,0.3,4.0,1.25,0.1715726912139058,34.52484483986797,85.29715420149493,33.47661332081309,5706.644343594368
Semiconductor Plant,2006-01-01,175.65075,17,1.0588235294117647,1.464705882352941,175.65075,0.0,0.0,0.0,26.3,0.8235294117647058,540.362298,175.65075,279.27074999999996,186.17295000000001,0.500060827848187,0.7083333038194456,1.315,0.10294117647058823,1.0,SemiConductor_Plant,1.5,10.0,7.0,0.8,6.0,11.0,0.6444115426772473,54.65134692061991,98.16729408363584,43.927559560196826,6661.814790132445
AI Intersections,2006-04-01,328.528319,15,1.3333333333333333,1.4,323.528319,5.0,0.0,0.0,82.0,0.7333333333333333,961.0331209999999,328.528319,464.42102,244.25461099999998,0.901380764920828,0.044378698093554145,3.3469387755102042,0.09166666666666666,1.0,AI_Intersections,1.2,20.0,3.0,0.4,8.0,12.75,1.0961391215700833,46.62689004430965,34.17382095536676,25.301322402978094,19227.822504989574
Data Center,2006-04-01,1.87,1,1.0,1.3,1.87,0.0,0.0,0.0,1.87,1.0,52.0138,1.87,6.313799999999997,5.9999999999999964,0.0522999912833349,0.01075268805642271,0.42081101759755163,0.125,1.0,data_center,1.4,14.0,7.0,0.5,3.0,1.0,0.05415919586272717,32.36064809047426,99.43700308314111,36.20714128079636,9666.41323880855
Robotics,2006-04-01,12.2,2,2.0,1.25,11.6,0.1,0.5,0.0,11.6,1.0,31.7,12.2,31.7,,,0.09523809070294806,0.5948717948717949,0.125,0.0,robotics,1.3,16.0,4.0,0.2,7.0,1.5,0.031332906456076344,22.202489780793606,28.932747237723046,15.016591395290954,10133.012249340527
Semiconductor Plant,2006-04-01,245.9,11,1.2727272727272727,1.5,245.9,0.0,0.0,0.0,38.0,1.0,786.262298,245.9,421.55075,172.66000000000003,1.4415078684031744,0.4583333142361119,1.4448669201520912,0.125,0.5496619439705055,SemiConductor_Plant,1.5,10.0,7.0,0.8,6.0,11.5,0.9607345494343043,53.1114529658161,91.70195015604605,41.898789896820865,9010.583269003035
AI Intersections,2006-07-01,502.083596,16,1.4375,1.4125,206.14531,0.0,0.0,292.5,172.5,0.5625,1463.1167169999999,502.083596,830.611915,234.28622099999998,2.54528708051812,0.04733727796645776,2.1036585365853657,0.0703125,1.0,AI_Intersections,1.2,20.0,3.0,0.4,8.0,14.0,1.6842322881436382,57.673543885367295,33.76843115035292,29.301541062724233,24031.13822238159
Autonomous Vehicles,2006-07-01,43.66,3,1.0,1.4000000000000001,43.66,0.0,0.0,0.0,25.0,0.3333333333333333,200.40634699999998,43.66,59.26,37.0,0.6016216053615783,0.04615384544378699,1.6666666666666667,0.041666666666666664,1.0,Autonomous_Vehicles,1.5,12.0,6.0,0.3,4.0,1.75,0.2278058338454047,37.30892967254872,84.07962566075001,34.16915413411772,13244.988454907121
Data Center,2006-07-01,4.0,3,1.3333333333333333,1.0999999999999999,3.5,0.5,0.0,0.0,3.5,0.3333333333333333,56.0138,4.0,5.8699999999999966,5.943799999999997,-0.01241629724817509,0.03225806416926813,1.8716577540106951,0.041666666666666664,-0.05555555555555558,data_center,1.4,14.0,7.0,0.5,3.0,1.5,0.04926436391586244,18.98904426226634,82.36822447905033,27.257927357122146,13254.201948600585
Semiconductor Plant,2006-07-01,251.364,11,1.5454545454545454,1.4454545454545455,251.364,0.0,0.0,0.0,162.0,0.9090909090909091,1037.626298,251.364,497.264,279.27074999999996,0.780580312186005,0.4583333142361119,4.2631578947368425,0.11363636363636363,1.0,SemiConductor_Plant,1.5,10.0,7.0,0.8,6.0,12.5,1.2220376993368445,58.96830144157694,98.2262456146729,45.68428198795489,12735.071380806503
AI Intersections,2006-10-01,215.441044,14,1.4285714285714286,1.3714285714285714,215.441044,0.0,0.0,0.0,93.0,0.5714285714285714,1678.5577609999998,215.441044,717.52464,464.42102,0.5449874328578249,0.04142011822065054,0.5391304347826087,0.07142857142857142,0.5947928481469105,AI_Intersections,1.2,20.0,3.0,0.4,8.0,15.0,1.8761598636620316,30.38899149688126,27.632434129462844,18.294719501738964,13416.115649511728
Autonomous Vehicles,2006-10-01,51.154425,5,1.2,1.24,49.951,0.403425,0.8,0.0,40.0,0.4,251.560772,51.154425,94.814425,25.6,2.703688370949673,0.07692307573964499,1.6,0.05,0.4473041666666667,Autonomous_Vehicles,1.5,12.0,6.0,0.3,4.0,2.75,0.2533830027911439,50.883446335636286,75.97272016679135,36.90373946028699,9450.605223628647
Data Center,2006-10-01,43.112,3,1.6666666666666667,1.1666666666666667,41.0,0.112,2.0,0.0,41.0,0.6666666666666666,99.1258,43.112,47.111999999999995,6.313799999999997,3.0,0.03225806416926813,10.0,0.08333333333333333,1.0,data_center,1.4,14.0,7.0,0.5,3.0,2.0,0.09332335287357356,81.72930258534615,98.87906771967911,53.36235217594036,14274.837746666795
Semiconductor Plant,2006-10-01,288.2,10,1.4,1.47,206.2,0.0,0.0,82.0,82.0,1.1,1325.826298,288.2,539.564,421.55075,0.27995027815761137,0.41666664930555625,0.5061728395061729,0.1375,0.8906581740976645,SemiConductor_Plant,1.5,10.0,7.0,0.8,6.0,12.25,1.588266176433195,43.85122461418529,96.95956485563676,40.223126299447316,8600.972162161803
AI Campus,2007-01-01,2.3,2,1.0,1.0,0.0,0.3,0.0,0.0,2.0,0.0,10.149999999999999,2.3,7.55,2.6,1.9038454215979144,0.07999999680000013,0.38095238095238093,0.0,0.0,AI_Campus,1.5,18.0,5.0,0.6,5.0,1.25,0.0072981005278304045,32.70389516875236,66.41225988525177,28.0523475205874,9190.80059897801
AI Intersections,2007-01-01,376.513175,21,1.3333333333333333,1.3333333333333333,372.691634,0.879648,0.0,0.0,80.54,0.7142857142857143,2055.0709359999996,376.513175,591.954219,830.611915,-0.28732756104596985,0.062130177330975804,0.8660215053763441,0.08928571428571429,0.8853325904531106,AI_Intersections,1.2,20.0,3.0,0.4,8.0,16.5,2.2333774290168305,28.466255477234483,32.16196424293984,18.897031449373763,18245.42443047317
Autonomous Vehicles,2007-01-01,109.9,7,1.8571428571428572,1.2428571428571427,100.7,0.5,4.7,0.0,50.0,1.0,361.460772,109.9,161.054425,59.26,1.717759420895049,0.10769230603550299,1.25,0.125,1.0,Autonomous_Vehicles,1.5,12.0,6.0,0.3,4.0,4.25,0.36534870388823526,52.08678568009453,85.50046982913675,39.75163192687256,14178.987304592012
Data Center,2007-01-01,0.5,1,1.0,1.0,0.0,0.0,0.5,0.0,0.5,0.0,99.6258,0.5,43.612,5.8699999999999966,3.0,0.01075268805642271,0.2,0.0,-0.44374184256717225,data_center,1.4,14.0,7.0,0.5,3.0,2.0,0.08025937239465138,35.23242068176261,75.94701989772739,31.35020596200662,9262.047463852505
Semiconductor Plant,2007-01-01,370.7887,19,1.5789473684210527,1.4578947368421051,369.34,1.4487,0.0,0.0,59.34,0.8947368421052632,1696.614998,370.7887,658.9886999999999,497.264,0.3252290527260586,0.7916666336805569,0.7236585365853659,0.1118421052631579,0.5554714397746665,SemiConductor_Plant,1.5,10.0,7.0,0.8,6.0,12.75,2.0159767951322713,48.63315586157168,91.50688459736114,40.70471641894328,12748.293646963726
AI Intersections,2007-04-01,410.131202,29,1.5517241379310345,1.389655172413793,408.432594,0.0,1.5,0.0,77.7,0.5172413793103449,2465.2021379999996,410.131202,786.644377,717.52464,0.0963308199474086,0.08579881631420469,0.9647380183759622,0.06465517241379311,0.12419459492622908,AI_Intersections,1.2,20.0,3.0,0.4,8.0,20.0,2.792506780931817,22.349734708587082,20.124897182203817,13.97063415592916,21810.550710036765
Autonomous Vehicles,2007-04-01,12.41,3,1.3333333333333333,1.2333333333333334,12.4,0.01,0.0,0.0,9.4,1.0,373.87077200000004,12.41,122.31,94.814425,0.2899935817783678,0.04615384544378699,0.2,0.125,-0.10224358974358971,Autonomous_Vehicles,1.5,12.0,6.0,0.3,4.0,4.5,0.37502230199076303,21.44291928713837,68.96504975118994,24.89629310909222,11568.602485956357
Data Center,2007-04-01,12.208993,4,1.25,1.225,11.958993,0.0,0.25,0.0,9.9,0.75,111.83479299999999,12.208993,12.708993,47.111999999999995,-0.730238713486188,0.04301075222569084,10.0,0.09375,1.0,data_center,1.4,14.0,7.0,0.5,3.0,2.75,0.11073348520669342,48.23046800891417,99.08632343642523,41.696538056308945,16716.757036732703
Semiconductor Plant,2007-04-01,78.918,9,1.2222222222222223,1.3888888888888888,78.918,0.0,0.0,0.0,28.5,0.6666666666666666,1775.5329980000001,78.918,449.7067,539.564,-0.16653687020161295,0.37499998437500065,0.48028311425682507,0.08333333333333333,-0.33953233021553475,SemiConductor_Plant,1.5,10.0,7.0,0.8,6.0,12.25,2.00988714323837,21.056443018327418,77.67240694082831,27.591811648917023,6218.284457834459
AI Campus,2007-07-01,0.506719,1,3.0,1.0,0.0,0.506719,0.0,0.0,0.506719,0.0,10.656718999999999,0.506719,2.8067189999999997,5.6,-0.498800089499984,0.03999999840000006,0.2533595,0.0,-0.3873957777777778,AI_Campus,1.5,18.0,5.0,0.6,5.0,1.25,0.007711294516809365,4.622554049911503,60.59474766174025,16.769665350710813,1959.3573988092169
AI Intersections,2007-07-01,353.715773,21,1.380952380952381,1.3428571428571427,171.412609,1.533672,0.0,171.95,88.95,0.38095238095238093,2818.9179109999995,353.715773,763.846975,591.954219,0.2903818406768011,0.062130177330975804,1.1447876447876448,0.047619047619047616,-0.14775211158262974,AI_Intersections,1.2,20.0,3.0,0.4,8.0,21.25,3.085754367451799,19.862145789365776,15.700534747135777,12.111186460042685,10676.108979657794
Autonomous Vehicles,2007-07-01,30.0,1,1.0,1.5,30.0,0.0,0.0,0.0,30.0,1.0,403.87077200000004,30.0,42.41,161.054425,-0.7366728623775916,0.015384615147928998,3.1914893617021276,0.125,-0.1564360971140632,Autonomous_Vehicles,1.5,12.0,6.0,0.3,4.0,4.0,0.4930141364055099,18.03062198066505,68.11735635293365,23.537262436028385,6559.771240222947
Data Center,2007-07-01,235.66,3,1.0,1.3333333333333333,10.36,0.0,0.3,225.0,225.0,0.3333333333333333,347.49479299999996,235.66,247.868993,43.612,3.0,0.03225806416926813,10.0,0.041666666666666664,1.0,data_center,1.4,14.0,7.0,0.5,3.0,2.75,0.3768318274467888,79.70088827380027,98.30418938724696,52.62209097362055,15595.080821288764
Semiconductor Plant,2007-07-01,323.228649,13,1.9230769230769231,1.4230769230769231,322.478649,0.75,0.0,0.0,57.35805,1.1538461538461537,2098.7616470000003,323.228649,402.146649,658.9886999999999,-0.3897518282335465,0.5416666440972231,2.012563157894737,0.14423076923076922,0.14294936625769805,SemiConductor_Plant,1.5,10.0,7.0,0.8,6.0,12.75,2.4344663436299334,35.71819792183805,85.7984311668567,34.92476360180947,12792.857350699574
AI Campus,2007-10-01,55.0,1,3.0,1.5,55.0,0.0,0.0,0.0,55.0,2.0,65.656719,55.0,55.506719,7.55,3.0,0.03999999840000006,10.0,0.25,1.0,AI_Campus,1.5,18.0,5.0,0.6,5.0,1.25,0.07932919360344941,90.0319652219447,85.18347706552981,52.838788771504476,22024.696563643134
AI Intersections,2007-10-01,307.794084,23,1.2608695652173914,1.382608695652174,307.794084,0.0,0.0,0.0,62.5,0.6086956521739131,3126.7119949999997,307.794084,661.509857,786.644377,-0.15907381213115332,0.06804733707678302,0.7026419336706015,0.07608695652173914,0.21433483213161553,AI_Intersections,1.2,20.0,3.0,0.4,8.0,23.5,3.524142003827429,20.572821876860736,21.4129999938316,13.963394456890128,22225.977598597437
Autonomous Vehicles,2007-10-01,28.26,3,1.3333333333333333,1.1666666666666667,28.0,0.16,0.0,0.0,28.0,0.6666666666666666,432.13077200000004,28.26,58.260000000000005,122.31,-0.5236693604474747,0.04615384544378699,0.9333333333333333,0.08333333333333333,-0.22377756176518454,Autonomous_Vehicles,1.5,12.0,6.0,0.3,4.0,3.5,0.4101227259362076,12.281708768000938,66.44649816908738,21.074271701446655,9624.106296566133
Data Center,2007-10-01,114.0,3,1.3333333333333333,1.4333333333333333,17.5,0.0,0.0,96.5,96.5,1.0,461.49479299999996,114.0,349.65999999999997,12.708993,3.0,0.03225806416926813,0.4288888888888889,0.125,0.822137687882724,data_center,1.4,14.0,7.0,0.5,3.0,2.75,0.5384089022477553,57.82020947156621,96.88465019478033,44.67359942464236,11159.083786389
Semiconductor Plant,2007-10-01,233.12,10,2.0,1.44,231.12,0.0,0.0,0.0,72.0,1.5,2331.881647,233.12,556.348649,449.7067,0.23713666877292097,0.41666664930555625,1.2552727995460098,0.1875,-0.09555863983344898,SemiConductor_Plant,1.5,10.0,7.0,0.8,6.0,12.75,2.7371624465755513,35.747796170177566,82.86653560399333,34.3232275391907,9273.937630357977
AI Campus,2008-01-01,280.24412,6,1.6666666666666667,1.1500000000000001,19.78412,0.35,3.11,257.0,273.83412,0.6666666666666666,345.900839,280.24412,335.24412,2.8067189999999997,3.0,0.23999999040000036,4.978802181818182,0.08333333333333333,1.0,AI_Campus,1.5,18.0,5.0,0.6,5.0,2.5,0.32338818317339846,74.3294341307159,82.76536295301015,46.835997957272454,20573.024731568745
AI Intersections,2008-01-01,253.351805,19,1.368421052631579,1.3789473684210527,250.351805,3.0,0.0,0.0,51.251091,0.5789473684210527,3380.0638,253.351805,561.1458890000001,763.846975,-0.2653687091378888,0.056213017585168584,0.8200174560000001,0.07236842105263158,-0.16355519298893056,AI_Intersections,1.2,20.0,3.0,0.4,8.0,23.0,3.7996847566211884,14.818023997548817,15.71628019682656,10.635252350997202,20224.41244233468
Autonomous Vehicles,2008-01-01,75.498679,6,1.3333333333333333,1.2,73.5,1.148679,0.85,0.0,65.0,0.8333333333333334,507.629451,75.498679,103.758679,42.41,1.4465616022975338,0.09230769088757398,2.3214285714285716,0.10416666666666667,-0.15651192447679713,Autonomous_Vehicles,1.5,12.0,6.0,0.3,4.0,3.25,0.49574516162112103,36.789036192392054,67.75253512883663,30.012594514194824,13824.68687379806
Data Center,2008-01-01,16.267773,4,1.25,1.05,1.706258,7.525772,0.15,0.0,13.911515,0.25,477.76256599999994,16.267773,130.267773,247.868993,-0.47444909547662095,0.04301075222569084,0.2,0.03125,1.0,data_center,1.4,14.0,7.0,0.5,3.0,3.5,0.40808262304177906,23.196727802733903,98.1985914843218,32.83173565125403,10785.963795227552
Semiconductor Plant,2008-01-01,279.0205,10,1.6,1.44,129.0205,0.0,0.0,150.0,150.0,0.7,2610.9021470000002,279.0205,512.1405,402.146649,0.2735167655878768,0.41666664930555625,2.0833333333333335,0.0875,-0.12374729866363238,SemiConductor_Plant,1.5,10.0,7.0,0.8,6.0,10.5,3.0647937659039006,32.92739882449099,81.09401660076475,33.02401124512459,8296.514147356109
AI Intersections,2008-04-01,189.451727,21,1.4285714285714286,1.3238095238095238,188.951727,0.5,0.0,0.0,49.5,0.42857142857142855,3569.515527,189.451727,442.8035320000001,661.509857,-0.33061687948420554,0.062130177330975804,0.9658330980700488,0.05357142857142857,-0.269035218393357,AI_Intersections,1.2,20.0,3.0,0.4,8.0,21.0,3.85222175836068,12.526202333747408,13.985559233989024,9.421449328653122,12608.306189669074
Autonomous Vehicles,2008-04-01,51.541475,9,1.4444444444444444,1.2111111111111112,50.732395,0.32908,0.48,0.0,31.0,0.3333333333333333,559.170926,51.541475,127.040154,58.260000000000005,1.1805724823108052,0.138461536331361,0.47692307692307695,0.041666666666666664,1.0,Autonomous_Vehicles,1.5,12.0,6.0,0.3,4.0,4.75,0.5512456099732937,41.92602980594713,84.28294128839185,35.96534399816878,9133.476072627276
Data Center,2008-04-01,6.288,6,1.0,1.0333333333333334,3.0,2.288,1.0,0.0,3.0,0.16666666666666666,484.05056599999995,6.288,22.555773,349.65999999999997,-0.9354922669579241,0.06451612833853626,0.21564869103041617,0.020833333333333332,-0.2424849043651675,data_center,1.4,14.0,7.0,0.5,3.0,4.0,0.4068879285246015,3.89380902604433,79.417687425982,21.380010187020854,7655.128392473813
Robotics,2008-04-01,23.25,1,3.0,1.5,23.25,0.0,0.0,0.0,23.25,3.0,54.95,23.25,35.45,19.5,0.8179486760026321,0.04761904535147403,2.0043103448275863,0.375,0.0,robotics,1.3,16.0,4.0,0.2,7.0,1.3333333333333333,0.06623332015341059,44.225386025086515,32.675695361131886,23.674302277124617,6242.794726444906
Semiconductor Plant,2008-04-01,388.296177,10,1.7,1.4300000000000002,386.397,1.899177,0.0,0.0,260.0,1.4,2999.1983240000004,388.296177,667.316677,556.348649,0.19945771055614137,0.41666664930555625,1.7333333333333334,0.175,1.0,SemiConductor_Plant,1.5,10.0,7.0,0.8,6.0,10.75,3.4962823492227524,49.316299432506234,99.26634251358672,43.475803369462966,7008.543540035985
AI Intersections,2008-07-01,312.815051,12,1.75,1.425,312.815051,0.0,0.0,0.0,93.47,1.25,3882.330578,312.815051,502.26677800000004,561.1458890000001,-0.10492656553182643,0.03550295847484332,1.8882828282828283,0.15625,-0.05781580172846862,AI_Intersections,1.2,20.0,3.0,0.4,8.0,18.75,4.510243310290385,23.810321093482635,18.85184380028413,14.850670656906109,18092.38310507704
Autonomous Vehicles,2008-07-01,0.760237,1,2.0,1.2,0.260237,0.5,0.0,0.0,0.760237,0.0,559.931163,0.760237,52.301711999999995,103.758679,-0.49592927550736005,0.015384615147928998,0.2,0.0,-0.4873293833333333,Autonomous_Vehicles,1.5,12.0,6.0,0.3,4.0,4.75,0.5469232378607144,2.699004060816735,61.32204775052205,16.493932654060657,8936.310273434445
Data Center,2008-07-01,163.921291,10,1.8,1.22,41.24432,0.155,4.0,85.0,85.0,0.3,647.971857,163.921291,170.209291,130.267773,0.3066108890445921,0.10752688056422709,10.0,0.0375,-0.15220807307137402,data_center,1.4,14.0,7.0,0.5,3.0,5.75,0.6436400062913473,42.56699397756277,81.14225590976058,35.44146787210365,17280.685888265725
Semiconductor Plant,2008-07-01,123.34676,6,2.1666666666666665,1.4666666666666668,123.34676,0.0,0.0,0.0,53.0,1.5,3122.5450840000003,123.34676,511.642937,512.1405,-0.0009715361293012773,0.24999998958333375,0.20384615384615384,0.1875,-0.3091958117239787,SemiConductor_Plant,1.5,10.0,7.0,0.8,6.0,9.0,3.7334740302139378,24.279489028145992,79.70918070983379,29.91850594939512,7467.2503156885095
AI Campus,2008-10-01,0.2,1,1.0,1.0,0.0,0.2,0.0,0.0,0.2,0.0,346.100839,0.2,280.44412,55.506719,3.0,0.03999999840000006,0.2,0.0,-0.45652173913043476,AI_Campus,1.5,18.0,5.0,0.6,5.0,2.25,0.281242569291067,35.79087678138457,59.62445679094388,27.545418098937,7044.9789493291355
AI Intersections,2008-10-01,255.917602,15,1.4,1.2666666666666666,199.088815,0.0,0.0,0.0,98.9,0.6,4138.2481800000005,255.917602,568.732653,442.8035320000001,0.2843905064325671,0.044378698093554145,1.058093505937734,0.075,-0.08427140854338189,AI_Intersections,1.2,20.0,3.0,0.4,8.0,16.75,4.273328175037409,21.264088537906265,17.369975282400247,13.494256078882218,13178.633187124
Autonomous Vehicles,2008-10-01,30.64525,3,1.6666666666666667,1.4000000000000001,30.14525,0.5,0.0,0.0,22.5,1.0,590.576413,30.64525,31.405487,127.040154,-0.7527908557731215,0.04615384544378699,10.0,0.125,0.042201875442321235,Autonomous_Vehicles,1.5,12.0,6.0,0.3,4.0,4.75,0.6732248852940654,37.96245621914222,71.15112647832892,31.34393125039963,6789.567526871928
Data Center,2008-10-01,25.085,4,1.75,1.225,23.82,0.265,1.0,0.0,22.3,0.75,673.056857,25.085,189.006291,22.555773,3.0,0.04301075222569084,0.2623529411764706,0.09375,-0.3899780701754386,data_center,1.4,14.0,7.0,0.5,3.0,6.0,0.6713393428433275,41.39318993784746,78.43331784816766,34.36448167742586,6173.042759736404
Semiconductor Plant,2008-10-01,192.6405,9,1.7777777777777777,1.411111111111111,187.6405,0.0,0.0,0.0,93.0,1.0,3315.1855840000003,192.6405,315.98726,667.316677,-0.5264807977719987,0.37499998437500065,1.7547169811320755,0.125,-0.08682116506520249,SemiConductor_Plant,1.5,10.0,7.0,0.8,6.0,8.75,3.813681723177723,26.01972522080426,82.09307111210529,31.155644294578902,6355.027955109223
AI Intersections,2009-01-01,606.493504,48,1.1666666666666667,1.3187499999999999,588.341257,1.16155,0.0,0.0,94.0,0.5208333333333334,4744.7416840000005,606.493504,862.411106,502.26677800000004,0.7170379229879346,0.14201183389937327,0.9504550050556116,0.06510416666666667,0.696939378426769,AI_Intersections,1.2,20.0,3.0,0.4,8.0,24.0,5.101272864563642,36.38246649598153,28.461445589556046,21.889733816808004,23317.699095953452
Autonomous Vehicles,2009-01-01,27.562601,5,1.8,1.2,26.712601,0.76,0.0,0.0,16.212601,1.0,618.139014,27.562601,58.207851000000005,52.301711999999995,0.11292438930250738,0.07692307573964499,0.7205600444444444,0.125,-0.31746302475040655,Autonomous_Vehicles,1.5,12.0,6.0,0.3,4.0,4.5,0.6038805672158393,19.240596171650836,65.73310514644619,23.409037173575676,12188.033566589473
Data Center,2009-01-01,30.137055,9,1.3333333333333333,1.1,24.4,0.237055,4.9,0.0,19.9,0.3333333333333333,703.1939120000001,30.137055,55.222055,170.209291,-0.6755637994193643,0.09677419250780439,0.8923766816143497,0.041666666666666664,0.42628090519827155,data_center,1.4,14.0,7.0,0.5,3.0,7.25,0.6297676118138954,17.904859332918498,89.99363824551311,29.01701737262531,14143.479301561361
Semiconductor Plant,2009-01-01,97.58937,9,1.4444444444444444,1.4444444444444444,95.58937,0.0,0.0,0.0,17.03552,0.8888888888888888,3412.7749540000004,97.58937,290.22987,511.642937,-0.4327491900220462,0.37499998437500065,0.2,0.1111111111111111,-0.3251215054091008,SemiConductor_Plant,1.5,10.0,7.0,0.8,6.0,8.5,4.018736828371182,19.44237380310265,78.2890091091707,27.984577839727077,9098.911370493326
AI Campus,2009-04-01,13.809538,4,1.5,1.225,12.388538,1.421,0.0,0.0,9.0,0.5,359.910377,13.809538,14.009538,335.24412,-0.9582109331008969,0.15999999360000025,10.0,0.0625,1.0,AI_Campus,1.5,18.0,5.0,0.6,5.0,3.0,0.3585366890504911,47.470935110499944,82.48639527127916,37.37984078211497,4488.682204606091
AI Intersections,2009-04-01,851.945987,85,1.2352941176470589,1.2694117647058822,800.535289,3.0,0.0,0.0,80.5,0.3058823529411765,5596.687671000001,851.945987,1458.439491,568.732653,1.564367425964608,0.25147928919680684,0.8563829787234043,0.03823529411764706,1.0,AI_Intersections,1.2,20.0,3.0,0.4,8.0,40.0,5.792246484877945,48.9863958454069,31.524659818933742,27.343302094577027,29603.059013593353
Autonomous Vehicles,2009-04-01,262.093276,7,1.4285714285714286,1.2428571428571427,39.469,130.0,0.25,0.0,130.0,0.7142857142857143,880.2322899999999,262.093276,289.65587700000003,31.405487,3.0,0.10769230603550299,8.018454287501433,0.08928571428571429,1.0,Autonomous_Vehicles,1.5,12.0,6.0,0.3,4.0,4.0,0.8911045889201722,78.93895830943298,84.94720636930153,49.22187883619499,26313.435574962816
Data Center,2009-04-01,27.87639,3,1.3333333333333333,1.1666666666666667,26.99139,0.885,0.0,0.0,26.99139,0.3333333333333333,731.0703020000001,27.87639,58.013445000000004,189.006291,-0.6930607685801274,0.03225806416926813,1.356351256281407,0.041666666666666664,1.0,data_center,1.4,14.0,7.0,0.5,3.0,6.5,0.6945144427290681,24.30512569940846,98.55833392179926,33.4241832523344,20112.7591197719
Semiconductor Plant,2009-04-01,505.067174,11,3.0,1.5,403.227404,3.5,0.0,0.0,102.373249,1.1818181818181819,3917.8421280000002,505.067174,602.656544,315.98726,0.9072178514183838,0.4583333142361119,6.009399713070103,0.14772727272727273,0.15036331016980375,SemiConductor_Plant,1.5,10.0,7.0,0.8,6.0,8.75,4.791111824897889,55.786284579295504,85.9961590070698,42.94068408448003,25657.733538423465
AI Intersections,2009-07-01,1493.994423,77,1.2467532467532467,1.2883116883116883,969.232662,0.01,0.0,463.0,443.0,0.23376623376623376,7090.682094000001,1493.994423,2345.94041,862.411106,1.7202112681046444,0.22781065021357796,5.503105590062112,0.02922077922077922,1.0,AI_Intersections,1.2,20.0,3.0,0.4,8.0,56.25,7.44798363232215,60.94281178914398,30.287996102350657,31.88117660471692,73680.62554809511
Autonomous Vehicles,2009-07-01,60.678525,5,1.2,1.3,59.0,0.02,0.0,0.0,25.0,0.2,940.910815,60.678525,322.77180100000004,58.207851000000005,3.0,0.07692307573964499,0.2,0.025,1.0,Autonomous_Vehicles,1.5,12.0,6.0,0.3,4.0,5.0,0.9964427385069597,55.638966680640294,84.04960136162498,40.884615774033136,38989.7372103747
Data Center,2009-07-01,78.822327,7,1.7142857142857142,1.2428571428571427,76.492327,1.25,1.0,0.0,49.0,0.8571428571428571,809.892629,78.822327,106.698717,55.222055,0.9321757596276388,0.07526881639495897,1.8153937237022622,0.10714285714285714,-0.2595726384316971,data_center,1.4,14.0,7.0,0.5,3.0,5.75,0.8198179252566105,29.281069594134557,80.57579000787167,30.720249030017655,38706.58971208006
Semiconductor Plant,2009-07-01,307.457363,17,1.8823529411764706,1.3588235294117648,254.236619,0.0,0.0,0.0,100.0,0.5882352941176471,4225.299491,307.457363,812.524537,290.22987,1.7995896328672523,0.7083333038194456,0.9768176840807309,0.07352941176470588,0.7463130892128824,SemiConductor_Plant,1.5,10.0,7.0,0.8,6.0,11.5,4.680762241475398,61.22986534831173,93.882122768793,46.773288460697515,31293.95324721905
AI Campus,2009-10-01,4.5,1,1.0,1.2,4.5,0.0,0.0,0.0,4.5,1.0,364.410377,4.5,18.309538,280.44412,-0.9347123450664171,0.03999999840000006,0.5,0.125,-0.4590909090909091,AI_Campus,1.5,18.0,5.0,0.6,5.0,3.0,0.3556029672674073,6.443102060480249,61.51382625804125,17.775783472585363,8649.830313951703
AI Intersections,2009-10-01,2307.964057,85,1.4588235294117646,1.3141176470588236,1007.90794,1.04336,0.848097,397.5,600.397225,0.4117647058823529,9398.646151,2307.964057,3801.9584800000002,1458.439491,1.6068674784623838,0.25147928919680684,1.3552984762979685,0.051470588235294115,1.0,AI_Intersections,1.2,20.0,3.0,0.4,8.0,73.75,10.07034049450147,51.26034199777777,29.436113072224913,29.328284165079037,81642.58042711686
Autonomous Vehicles,2009-10-01,278.634487,8,2.0,1.425,119.568105,0.0,0.0,157.866382,157.866382,0.625,1219.545302,278.634487,339.31301199999996,289.65587700000003,0.17143492941648475,0.12307692118343198,6.314655279999999,0.078125,1.0,Autonomous_Vehicles,1.5,12.0,6.0,0.3,4.0,6.25,1.4161185789729154,48.55429754417122,84.93209293663753,38.79347480620847,51671.152398827166
Data Center,2009-10-01,46.047303,12,1.4166666666666667,1.175,42.274573,0.62418,0.84855,0.0,26.0,0.5833333333333334,855.939932,46.047303,124.86963,58.013445000000004,1.1524256807637319,0.12903225667707252,0.5306122448979592,0.07291666666666667,0.41782545345824196,data_center,1.4,14.0,7.0,0.5,3.0,7.75,0.8191236526316179,36.00535053784136,90.36982931618479,35.52197947834332,50213.23234769066
Semiconductor Plant,2009-10-01,300.284621,20,1.7,1.365,298.221258,0.0,0.0,0.0,62.6,0.5,4525.584112,300.284621,607.741984,602.656544,0.00843837180926982,0.8333332986111125,0.626,0.0625,0.279391200188953,SemiConductor_Plant,1.5,10.0,7.0,0.8,6.0,14.25,5.0362783599583745,40.73488265777387,86.51836797516144,37.90131226799457,41276.562525738984
AI Intersections,2010-01-01,1568.873946,116,1.25,1.2827586206896553,1243.808598,2.33006,0.0,24.399991,260.0,0.3103448275862069,10967.520097,1568.873946,3876.838003,2345.94041,0.6525730942788213,0.34319526525681876,0.43304663841509256,0.03879310344827586,0.7933971556602195,AI_Intersections,1.2,20.0,3.0,0.4,8.0,90.75,11.471049180015202,39.30992304142633,24.99106423713296,24.594658795788536,61124.74625976906
Autonomous Vehicles,2010-01-01,148.875576,9,2.6666666666666665,1.1888888888888889,129.535784,0.139833,0.0,0.0,84.79729,1.1111111111111112,1368.420878,148.875576,427.51006299999995,322.77180100000004,0.3244963201587228,0.138461536331361,0.5371459643637111,0.1388888888888889,1.0,Autonomous_Vehicles,1.5,12.0,6.0,0.3,4.0,7.25,1.32564522690226,38.9440933546496,85.91235453655945,35.638779399028124,34415.031014954904
Data Center,2010-01-01,404.355799,19,1.368421052631579,1.1473684210526316,90.549869,3.026552,1.633318,0.0,300.0,0.3157894736842105,1260.295731,404.355799,450.403102,106.698717,3.0,0.2043010730720315,10.0,0.039473684210526314,1.0,data_center,1.4,14.0,7.0,0.5,3.0,10.25,1.178152772666721,83.79425004751128,98.77954649638615,54.49413524979217,62330.987979753416
Semiconductor Plant,2010-01-01,1007.99336,23,1.9565217391304348,1.3521739130434782,453.01166,1.8817,0.0,540.0,540.0,0.5217391304347826,5533.577472,1007.99336,1308.2779810000002,812.524537,0.610139658329925,0.9583332934027794,8.626198083067093,0.06521739130434782,1.0,SemiConductor_Plant,1.5,10.0,7.0,0.8,6.0,17.75,6.100363262751295,78.08879031780667,97.1433368300676,54.05705612384975,55743.54876746522
AI Campus,2010-04-01,0.1448,1,1.0,1.0,0.0,0.1448,0.0,0.0,0.1448,0.0,364.55517699999996,0.1448,4.6448,14.009538,-0.6684544009620873,0.03999999840000006,0.2,0.0,-0.49974165381239755,AI_Campus,1.5,18.0,5.0,0.6,5.0,1.75,0.2962907943076659,1.5639247825801232,58.94153852899701,15.401274623875361,28544.18724189938
AI Intersections,2010-04-01,1869.407053,109,1.5779816513761469,1.2825688073394497,1699.008397,0.7,0.13468,100.0,319.0,0.44036697247706424,12836.92715,1869.407053,3438.2809989999996,3801.9584800000002,-0.09565530050300426,0.32248520614649345,1.226923076923077,0.05504587155963303,0.5971394205299543,AI_Intersections,1.2,20.0,3.0,0.4,8.0,96.75,13.424462349206188,32.304663630179824,21.88130311829673,22.146742989819593,86842.16189204137
Autonomous Vehicles,2010-04-01,161.724831,8,1.5,1.225,38.631807,0.02,0.0,69.6,69.6,0.375,1530.145709,161.724831,310.600407,339.31301199999996,-0.0846198168061416,0.12307692118343198,0.8207809471269658,0.046875,-0.19147466606506913,Autonomous_Vehicles,1.5,12.0,6.0,0.3,4.0,7.5,1.5274871348985202,16.53183998068735,66.65518357477603,23.060934740893988,42500.607651060556
Data Center,2010-04-01,400.997722,11,2.272727272727273,1.2545454545454546,107.603275,0.576447,5.3,0.0,291.754092,0.9090909090909091,1661.293453,400.997722,805.353521,124.86963,3.0,0.1182795686206498,0.9725136400000001,0.11363636363636363,1.0,data_center,1.4,14.0,7.0,0.5,3.0,12.25,1.6985151906031033,62.88234969857554,99.79158769230422,47.63612539381873,55464.43985053819
Semiconductor Plant,2010-04-01,278.869692,20,2.25,1.365,232.139706,0.0,0.0,43.751752,63.0471,0.65,5812.447164,278.869692,1286.8630520000002,607.741984,1.1174496492948405,0.8333332986111125,0.2,0.08125,-0.2239281165399991,SemiConductor_Plant,1.5,10.0,7.0,0.8,6.0,20.0,6.468637055991746,44.65099890481018,78.85191498227344,37.92828318464862,39214.87564859392
AI Campus,2010-07-01,17.29785,2,2.0,1.25,16.16615,1.1317,0.0,0.0,16.29785,1.0,381.85302699999994,17.29785,17.44265,18.309538,-0.047346249405842464,0.07999999680000013,10.0,0.125,1.0,AI_Campus,1.5,18.0,5.0,0.6,5.0,2.0,0.3882396091334665,56.92830745582937,83.35718425441243,40.919499516796776,24261.150401806775
AI Intersections,2010-07-01,1904.633948,123,1.5528455284552845,1.289430894308943,1483.715403,4.0997,0.0,117.5,196.0,0.37398373983739835,14741.561098,1904.633948,3774.0410009999996,3876.838003,-0.026515681566765887,0.363905324367144,0.6144200626959248,0.046747967479674794,0.13743007292337117,AI_Intersections,1.2,20.0,3.0,0.4,8.0,108.25,15.498902139671038,26.429897428525553,14.07387393498723,18.96849343959917,65789.04150055572
Autonomous Vehicles,2010-07-01,227.107471,11,1.4545454545454546,1.1454545454545455,41.332806,0.0,0.0,0.0,84.9,0.2727272727272727,1757.25318,227.107471,388.832302,427.51006299999995,-0.09047216488452053,0.16923076662721898,1.2198275862068968,0.03409090909090909,1.0,Autonomous_Vehicles,1.5,12.0,6.0,0.3,4.0,9.0,1.6403631855277025,32.47694973462087,84.45720680827671,33.13737938339756,38597.03680639591
Data Center,2010-07-01,47.658791,8,1.5,1.2375,45.225693,2.433098,0.0,0.0,20.75,0.625,1708.952244,47.658791,448.656513,450.403102,-0.003877835184452474,0.08602150445138168,0.2,0.078125,-0.1976821618067683,data_center,1.4,14.0,7.0,0.5,3.0,12.5,1.7235164866937018,16.2728187988744,81.25580993020947,26.698845656835886,35758.27856807065
Semiconductor Plant,2010-07-01,204.868425,14,2.2857142857142856,1.4428571428571428,200.23064,0.0,0.0,0.0,79.96,1.0,6017.315589,204.868425,483.738117,1308.2779810000002,-0.6302482158566206,0.5833333090277788,1.2682581752372433,0.125,-0.16683441404524113,SemiConductor_Plant,1.5,10.0,7.0,0.8,6.0,19.25,7.078690089787976,27.97031116517763,80.41711112181787,32.72536272418183,30511.559912232333
AI Intersections,2010-10-01,2570.277845,121,1.6611570247933884,1.3033057851239669,1848.626884,12.162124,0.084549,129.375,450.0,0.5041322314049587,17311.838943,2570.277845,4474.911793,3438.2809989999996,0.3014968218129934,0.3579881646213368,2.295918367346939,0.06301652892561983,0.05682796211760932,AI_Intersections,1.2,20.0,3.0,0.4,8.0,117.25,18.39726369646756,33.28608974258927,12.497831830452732,22.13349484610645,81302.18308943993
Autonomous Vehicles,2010-10-01,186.56761,12,2.0833333333333335,1.2583333333333333,180.60661,5.961,0.0,0.0,60.70437,0.6666666666666666,1943.82079,186.56761,413.675081,310.600407,0.33185620928096127,0.18461538177514797,0.7150102473498232,0.08333333333333333,-0.16521084304973344,Autonomous_Vehicles,1.5,12.0,6.0,0.3,4.0,10.0,1.9935430196308257,23.692066309485053,67.76651023954653,26.031267976058732,44668.26287655411
Data Center,2010-10-01,146.611624,10,1.5,1.3199999999999998,80.4396,1.45,0.0,39.722024,39.722024,0.7,1855.5638680000002,146.611624,194.270415,805.353521,-0.7587762259764477,0.10752688056422709,1.914314409638554,0.0875,1.0,data_center,1.4,14.0,7.0,0.5,3.0,12.0,1.9962908659298386,29.156081977548045,99.41604157477762,35.85715543220816,56204.28010505383
Semiconductor Plant,2010-10-01,288.701236,12,2.4166666666666665,1.425,278.166772,0.0,0.0,0.0,72.0,0.9166666666666666,6306.016825,288.701236,493.569661,1286.8630520000002,-0.6164551769130635,0.4999999791666675,0.9004502251125563,0.11458333333333333,-0.019287343057105832,SemiConductor_Plant,1.5,10.0,7.0,0.8,6.0,17.25,7.3265378216758075,26.437963876081476,82.61193855480919,32.83688712400114,40360.999771870316
AI Campus,2011-01-01,6.532585,7,1.1428571428571428,1.0285714285714287,4.1265,0.43,1.926085,0.0,4.752585,0.14285714285714285,388.3856119999999,6.532585,23.830435,4.6448,3.0,0.27999998880000043,0.29160809554634504,0.017857142857142856,-0.2634756137388521,AI_Campus,1.5,18.0,5.0,0.6,5.0,2.75,0.3247714618216529,45.096768558723404,62.825471570746,31.62014547296835,16412.526648110757
AI Intersections,2011-01-01,1575.541364,116,1.6724137931034482,1.2879310344827586,1415.898627,6.787288,0.0,12.0165,258.625546,0.31896551724137934,18887.380307,1575.541364,4145.819209,3774.0410009999996,0.09850931873898086,0.34319526525681876,0.5747234355555555,0.03987068965517242,0.0021249055786155546,AI_Intersections,1.2,20.0,3.0,0.4,8.0,117.25,19.834886276701365,24.9924512039127,11.328777006065648,19.513506683566405,50431.62445666994
Autonomous Vehicles,2011-01-01,67.037399,9,1.7777777777777777,1.2111111111111112,41.140802,0.55,12.804097,0.0,27.804097,0.4444444444444444,2010.858189,67.037399,253.605009,388.832302,-0.3477779288311857,0.138461536331361,0.45802463644709596,0.05555555555555555,-0.27485427495508064,Autonomous_Vehicles,1.5,12.0,6.0,0.3,4.0,10.0,1.9848979926642965,12.996519763849667,65.70285954183576,21.768455999872042,26275.92935359111
Data Center,2011-01-01,184.858273,21,1.6666666666666667,1.2333333333333332,172.181148,2.642125,0.8,7.0,44.0,0.6190476190476191,2040.4221410000002,184.858273,331.469897,448.656513,-0.2611945048010604,0.22580644918487688,1.1076978353368903,0.07738095238095238,-0.27141632016015677,data_center,1.4,14.0,7.0,0.5,3.0,12.5,2.0510684798415983,18.642293370222838,80.13737266660458,27.379573238165776,30462.090652946168
Robotics,2011-01-01,30.615,3,2.0,1.1666666666666667,29.4,1.115,0.1,0.0,29.4,0.6666666666666666,85.565,30.615,53.864999999999995,31.7,0.6992113344097369,0.14285713605442207,1.264516129032258,0.08333333333333333,0.0,robotics,1.3,16.0,4.0,0.2,7.0,1.75,0.08042248562097358,29.423271864696314,28.3239829673506,17.411309888729747,38476.02780703687
Semiconductor Plant,2011-01-01,497.302321,17,2.3529411764705883,1.3705882352941177,485.222471,0.0,0.0,0.0,108.0,1.0588235294117647,6803.319146,497.302321,786.003557,483.738117,0.6248534666850464,0.7083333038194456,1.5,0.1323529411764706,-0.25332063645736713,SemiConductor_Plant,1.5,10.0,7.0,0.8,6.0,15.75,7.602540736273732,42.43294595741788,79.46597028078999,37.75903994980325,11107.10618888613
AI Campus,2011-04-01,5.25,2,1.0,1.0,0.0,5.25,0.0,0.0,4.0,0.0,393.6356119999999,5.25,11.782585000000001,17.44265,-0.32449568589086597,0.07999999680000013,0.8416472298759518,0.0,0.08333333333333337,AI_Campus,1.5,18.0,5.0,0.6,5.0,3.0,0.320003860008564,14.39151965668764,67.78227514672804,22.11060221052611,14784.486993010045
AI Intersections,2011-04-01,1127.095795,95,1.6842105263157894,1.2873684210526315,980.682029,5.041,0.0,102.0,130.0,0.30526315789473685,20014.476102,1127.095795,2702.637159,4474.911793,-0.3960468307724593,0.28106508792584295,0.5026572278362633,0.038157894736842106,-0.1985419004407704,AI_Intersections,1.2,20.0,3.0,0.4,8.0,113.75,21.009400369115248,16.227322620525676,8.52684941799988,16.215035419330057,38593.58736365825
Autonomous Vehicles,2011-04-01,176.806392,17,1.1764705882352942,1.2176470588235293,107.328749,4.082643,0.395,65.0,65.0,0.11764705882352941,2187.664581,176.806392,243.84379099999998,413.675081,-0.41054271187646735,0.261538457514793,2.337784967445625,0.014705882352941176,0.046627227577687225,Autonomous_Vehicles,1.5,12.0,6.0,0.3,4.0,12.25,2.1711672470508727,22.018138217213416,69.83238550982902,26.0329116523023,26450.42590083027
Data Center,2011-04-01,399.410418,15,1.4666666666666666,1.22,31.3453,1.754993,1.93853,164.1,361.0,0.4,2439.8325590000004,399.410418,584.268691,194.270415,2.0075021407273868,0.16129032084634065,8.204545454545455,0.05,-0.001979193288285108,data_center,1.4,14.0,7.0,0.5,3.0,13.5,2.42622760771917,57.4827430600889,83.70455200768103,42.01558911603904,37669.67760154076
Robotics,2011-04-01,0.575,1,1.0,1.0,0.0,0.0,0.0,0.0,0.575,0.0,86.14,0.575,31.189999999999998,35.45,-0.12016924907844163,0.04761904535147403,0.2,0.0,-0.48525641025641025,robotics,1.3,16.0,4.0,0.2,7.0,1.75,0.06926264344513013,6.963163797154043,19.785485716629253,7.41118381553928,29160.51343768888
Semiconductor Plant,2011-04-01,599.538269,13,2.3846153846153846,1.4,297.865964,0.0,0.0,0.0,288.565568,1.0769230769230769,7402.8574149999995,599.538269,1096.84059,493.569661,1.2222609601965366,0.5416666440972231,2.6719034074074073,0.1346153846153846,0.574943398653734,SemiConductor_Plant,1.5,10.0,7.0,0.8,6.0,14.0,8.450140662611979,56.95525462807458,92.05656538584816,46.32853673133293,18463.11870761081
AI Campus,2011-07-01,0.675,2,1.5,1.2,0.65,0.025,0.0,0.0,0.5,0.0,394.31061199999994,0.675,5.925,23.830435,-0.7513683341756735,0.07999999680000013,0.2,0.0,1.0,AI_Campus,1.5,18.0,5.0,0.6,5.0,3.25,0.38486083374817864,20.034479199975415,81.56477738123542,27.557206398799522,21610.49912829796
AI Intersections,2011-07-01,1830.74654,112,1.7589285714285714,1.2660714285714287,1181.016447,20.009279,7.0,432.619095,396.94984,0.4375,21845.222642,1830.74654,2957.8423350000003,4145.819209,-0.28654816185291393,0.3313609457652043,3.0534603076923075,0.0546875,-0.019396747621133914,AI_Intersections,1.2,20.0,3.0,0.4,8.0,111.0,22.551874497286462,27.78210013142763,11.651664781207959,21.657401040216243,62141.32488733796
Autonomous Vehicles,2011-07-01,95.070297,13,2.076923076923077,1.2076923076923076,75.993437,2.199588,11.25,0.0,36.3,0.46153846153846156,2282.734878,95.070297,271.876689,253.605009,0.07204778801491345,0.199999996923077,0.5584615384615385,0.057692307692307696,-0.29069315381527017,Autonomous_Vehicles,1.5,12.0,6.0,0.3,4.0,12.75,2.24703325255536,18.51635148709453,65.37849428179881,23.72415989195493,35925.10462916145
Data Center,2011-07-01,121.728245,21,1.8571428571428572,1.2190476190476192,102.801712,4.381691,1.436998,0.0,24.0,0.47619047619047616,2561.560804,121.728245,521.138663,331.469897,0.5722050996015329,0.22580644918487688,0.2,0.05952380952380952,0.7770807068941383,data_center,1.4,14.0,7.0,0.5,3.0,16.75,2.545336585334908,35.93753557875437,95.32643427484906,37.427880655410256,38980.19863779919
Semiconductor Plant,2011-07-01,356.424379,15,2.066666666666667,1.3666666666666667,199.719211,0.204142,0.0,153.251026,149.938635,0.6666666666666666,7759.2817939999995,356.424379,955.962648,786.003557,0.21623196138254624,0.6249999739583344,0.5195998817156177,0.08333333333333333,0.3698860719996261,SemiConductor_Plant,1.5,10.0,7.0,0.8,6.0,14.25,8.646130462541617,39.40921889176,88.19018070880038,39.29922397433275,33513.55047976553
AI Campus,2011-10-01,8.352678,4,1.25,1.125,5.5,2.852678,0.0,0.0,7.5,0.25,402.66328999999996,8.352678,9.027677999999998,11.782585000000001,-0.23381174557096404,0.15999999360000025,10.0,0.03125,-0.2585631162254269,AI_Campus,1.5,18.0,5.0,0.6,5.0,3.75,0.36840827875021187,37.284472342895285,63.168134476878684,28.988962250733103,14371.433862519287
AI Intersections,2011-10-01,2288.385277,117,1.8376068376068375,1.305982905982906,1818.64938,15.710704,1.1,261.920753,172.264126,0.4358974358974359,24133.607919000002,2288.385277,4119.1318169999995,2702.637159,0.5241157336858344,0.34615384512972236,0.4339695060715984,0.05448717948717949,-0.05483698358688538,AI_Intersections,1.2,20.0,3.0,0.4,8.0,110.0,25.69981611157875,28.64316736572264,11.184223356220377,23.101090861689514,71394.14263517279
Autonomous Vehicles,2011-10-01,228.689279,15,1.7333333333333334,1.24,223.310616,5.103663,0.25,0.0,67.0,0.4666666666666667,2511.4241570000004,228.689279,323.75957600000004,243.84379099999998,0.3277335229432458,0.23076922721893497,1.8457300275482096,0.058333333333333334,0.11288580316808472,Autonomous_Vehicles,1.5,12.0,6.0,0.3,4.0,13.5,2.5384065337394635,29.75751223134698,71.39782624084874,29.279948454679413,44873.02751073294
Data Center,2011-10-01,121.803574,19,2.210526315789474,1.2,105.926221,4.646906,2.492504,0.0,62.750002,0.3684210526315789,2683.364378,121.803574,243.53181899999998,584.268691,-0.5831852308115801,0.2043010730720315,2.6145834166666666,0.046052631578947366,-0.08460464908294041,data_center,1.4,14.0,7.0,0.5,3.0,19.0,2.6247371910054005,19.650876121529297,82.03174486212721,28.435637734469218,44344.08796623455
Semiconductor Plant,2011-10-01,36.118259,6,2.0,1.3166666666666667,17.95421,0.0,0.0,17.664049,21.663227,0.3333333333333333,7795.400052999999,36.118259,392.542638,1096.84059,-0.6421151421446618,0.24999998958333375,0.2,0.041666666666666664,-0.43744699624354916,SemiConductor_Plant,1.5,10.0,7.0,0.8,6.0,12.75,8.368551178466339,9.719367666128942,75.5424317946284,25.634807103188763,29349.89123102583
AI Campus,2012-01-01,7.08,6,1.5,1.0333333333333334,1.0,3.6,0.3,0.0,3.8,0.0,409.74328999999994,7.08,15.432678,5.925,1.604671121574494,0.23999999040000036,0.5066666666666666,0.0,0.04189880422527992,AI_Campus,1.5,18.0,5.0,0.6,5.0,3.5,0.3442757829897246,34.683855944271194,67.19393984894849,29.07554485592793,9544.290662726627
AI Intersections,2012-01-01,2689.941519,115,2.1130434782608694,1.3591304347826088,1858.329708,9.013195,0.0,615.667825,250.0,0.5478260869565217,26823.549438000002,2689.941519,4978.326795999999,2957.8423350000003,0.6830940366254866,0.34023668538391516,1.4512597939283074,0.06847826086956521,0.353656267129271,AI_Intersections,1.2,20.0,3.0,0.4,8.0,109.75,29.726918590093877,38.13943918330897,17.545602447659682,29.62597176211061,78876.05470907925
Autonomous Vehicles,2012-01-01,45.725816,13,1.6153846153846154,1.1846153846153846,37.837816,4.738,0.0,0.0,15.7,0.3076923076923077,2557.1499730000005,45.725816,274.415095,271.876689,0.009336607709914407,0.199999996923077,0.2343283582089552,0.038461538461538464,-0.1589529375983098,Autonomous_Vehicles,1.5,12.0,6.0,0.3,4.0,14.5,2.4691546899375605,17.802599303433457,66.94944491037639,23.95593285977083,39282.910810569556
Data Center,2012-01-01,361.671073,24,2.0,1.2333333333333334,340.804611,8.387139,0.0,7.709323,91.253525,0.9583333333333334,3045.035451,361.671073,483.47464699999995,521.138663,-0.07227254203499284,0.25806451335414504,1.454239395880816,0.11979166666666667,0.4782388073050968,data_center,1.4,14.0,7.0,0.5,3.0,19.75,3.0614053525981295,33.215983560258,91.5404585157399,35.73527101606453,57898.141224600644
Robotics,2012-01-01,12.955662,4,1.5,1.125,5.542562,1.7631,1.65,0.0,9.542562,0.0,99.095662,12.955662,13.530662,53.864999999999995,-0.7488041817728733,0.19047618140589612,10.0,0.0,0.03096975409836067,robotics,1.3,16.0,4.0,0.2,7.0,2.25,0.08992778160983182,35.30048367569035,27.571526410765806,19.284022001827005,67331.88672714104
Semiconductor Plant,2012-01-01,202.221994,11,3.3636363636363638,1.4090909090909092,174.977139,1.48551,5.83893,0.0,53.547934,1.0,7997.622046999999,202.221994,238.340253,955.962648,-0.7506803699398511,0.4583333142361119,2.47183552108834,0.125,-0.29668102735438473,SemiConductor_Plant,1.5,10.0,7.0,0.8,6.0,11.25,9.18841173340085,25.221135531386462,79.00938294602312,32.255107865851386,7795.9491477836245
AI Campus,2012-04-01,1.62,3,1.3333333333333333,1.0666666666666667,1.0,0.32,0.3,0.0,1.0,0.0,411.36328999999995,1.62,8.7,9.027677999999998,-0.03629703714542785,0.11999999520000018,0.2631578947368421,0.0,-0.3457142857142857,AI_Campus,1.5,18.0,5.0,0.6,5.0,3.75,0.3568220818812952,11.356178011186648,61.39010722337925,19.464917942512656,11594.892016877198
AI Intersections,2012-04-01,2452.308965,122,2.139344262295082,1.3032786885245902,1614.736808,9.649151,0.0,440.902681,315.872959,0.5,29275.858403000002,2452.308965,5142.250484,4119.1318169999995,0.24838211356313547,0.3609467444942404,1.2634918359999998,0.0625,0.5878884367588295,AI_Intersections,1.2,20.0,3.0,0.4,8.0,116.5,31.111437518636052,36.74529020237571,20.515825240330525,30.434382888368553,72997.55189394548
Autonomous Vehicles,2012-04-01,1511.769605,12,3.1666666666666665,1.2,204.829025,2.587268,0.795,771.0,1451.0,0.5,4068.9195780000005,1511.769605,1557.495421,323.75957600000004,3.0,0.18461538177514797,10.0,0.0625,1.0,Autonomous_Vehicles,1.5,12.0,6.0,0.3,4.0,13.25,3.98052549980426,84.43462512828707,84.79911053570497,52.34410662874842,92245.06401429826
Data Center,2012-04-01,301.434441,25,2.04,1.212,220.094238,8.432003,5.598,0.0,70.0,0.56,3346.469892,301.434441,663.105514,243.53181899999998,1.7228701161104945,0.26881720141056775,0.7670936547382691,0.07,-0.1226507529405505,data_center,1.4,14.0,7.0,0.5,3.0,22.25,3.3063424788600226,38.52481503701254,81.59976592563771,35.20616373590782,82754.53355219477
Robotics,2012-04-01,6.698524,3,6.666666666666667,1.0666666666666667,2.863734,0.73479,1.95,0.0,3.263734,0.0,105.79418600000001,6.698524,19.654186,31.189999999999998,-0.36985615999178706,0.14285713605442207,0.34201863189361514,0.0,-0.3559457204301075,robotics,1.3,16.0,4.0,0.2,7.0,2.75,0.09104044592556322,8.92122789939189,21.795112826478743,8.607624149777072,74453.52419810335
Semiconductor Plant,2012-04-01,526.619329,10,4.0,1.45,428.893941,0.75,0.0,55.21314,154.67384,1.3,8524.241375999998,526.619329,728.841323,392.542638,0.8567188671699941,0.41666664930555625,2.8885118144800885,0.1625,-0.060812581756978734,SemiConductor_Plant,1.5,10.0,7.0,0.8,6.0,10.5,10.077861394793148,44.70218400395953,83.16537862296873,40.46825361504528,33954.68435984185
AI Campus,2012-07-01,8.195397,9,1.3333333333333333,1.0444444444444445,3.57,4.375397,0.25,0.0,3.5,0.0,419.55868699999996,8.195397,9.815396999999999,15.432678,-0.36398612321295615,0.35999998560000057,3.5,0.0,1.0,AI_Campus,1.5,18.0,5.0,0.6,5.0,5.5,0.35634768938267447,38.625374447634975,81.71726410196678,34.09073615791701,21033.709074835962
AI Intersections,2012-07-01,2297.147343,124,2.25,1.304032258064516,1626.467061,3.487995,1.25,286.034179,183.117265,0.46774193548387094,31573.005746000003,2297.147343,4749.456308,4978.326795999999,-0.04597337566065766,0.3668639042400476,0.5797180790015014,0.05846774193548387,0.12737994932930474,AI_Intersections,1.2,20.0,3.0,0.4,8.0,119.5,33.57209251710542,26.685388157659776,13.336513434483173,26.102851220643885,71923.36381441152
Autonomous Vehicles,2012-07-01,233.419601,20,1.85,1.155,64.887445,4.968806,0.3,159.0,84.0,0.15,4302.3391790000005,233.419601,1745.1892060000002,274.415095,3.0,0.30769230295857997,0.2,0.01875,0.7276158188503399,Autonomous_Vehicles,1.5,12.0,6.0,0.3,4.0,15.0,4.051058794041627,57.65290100177297,79.9331310549382,41.78222163197174,57991.957554379136
Data Center,2012-07-01,250.512672,21,1.8571428571428572,1.2190476190476192,198.111227,11.654,0.375,6.000001,59.767166,0.5238095238095238,3596.982564,250.512672,551.947113,483.47464699999995,0.14162576317755549,0.22580644918487688,0.8538166571428571,0.06547619047619048,0.528983339076317,data_center,1.4,14.0,7.0,0.5,3.0,22.25,3.57459580100656,30.87566809871379,91.31740404745233,35.06567316681553,51106.75231723929
Robotics,2012-07-01,0.453,2,1.0,1.1,0.25,0.0,0.0,0.0,0.25,0.0,106.24718600000001,0.453,7.151524,13.530662,-0.471457902691095,0.09523809070294806,0.2,0.0,-0.4926016658500735,robotics,1.3,16.0,4.0,0.2,7.0,2.5,0.09432236737613502,4.809115907425537,19.726011113145073,6.65242229283566,46644.795896100564
Semiconductor Plant,2012-07-01,622.164728,13,4.076923076923077,1.4384615384615385,583.871276,1.6115,0.0,21.0,127.522596,2.1538461538461537,9146.406103999998,622.164728,1148.7840569999998,238.340253,3.0,0.5416666440972231,0.824461305156709,0.2692307692307692,0.372786437540514,SemiConductor_Plant,1.5,10.0,7.0,0.8,6.0,10.0,10.727435886195776,72.79068411387816,91.2456109325786,52.579116527480316,19120.15316790025
AI Campus,2012-10-01,2.528978,4,2.0,1.0,0.0,1.814978,0.2,0.0,1.83,0.0,422.08766499999996,2.528978,10.724375,8.7,0.23268675486359153,0.15999999360000025,0.5228571428571429,0.0,-0.3486127443198457,AI_Campus,1.5,18.0,5.0,0.6,5.0,5.5,0.34320452403282753,15.413521566900796,61.46518192939192,20.89830984037639,18191.327851451137
AI Intersections,2012-10-01,2599.585534,115,2.260869565217391,1.2939130434782609,1894.035257,11.803672,0.0,525.935559,185.071696,0.5565217391304348,34172.59128,2599.585534,4896.7328769999995,5142.250484,-0.04774516677399869,0.34023668538391516,1.0106731115714294,0.06956521739130435,0.0679955993703939,AI_Intersections,1.2,20.0,3.0,0.4,8.0,119.0,36.05437923056865,26.906835779910796,12.645276645820005,27.00046337665124,81848.11296317277
Autonomous Vehicles,2012-10-01,1209.990609,19,2.3684210526315788,1.1842105263157894,473.944308,101.775,2.25,85.6,823.0,0.6842105263157895,5512.329788000001,1209.990609,1443.4102100000002,1557.495421,-0.07324914692429821,0.292307687810651,9.797619047619047,0.08552631578947369,1.0,Autonomous_Vehicles,1.5,12.0,6.0,0.3,4.0,16.0,5.321953451067168,59.44913250194293,84.95852345667002,44.175608620274396,84844.85768430856
Data Center,2012-10-01,450.988401,42,2.0476190476190474,1.2,414.016279,22.617122,0.91,0.0,131.75,0.6904761904761905,4047.970965,450.988401,701.501073,663.105514,0.05790263861702319,0.45161289836975377,2.204387606399139,0.08630952380952381,1.0,data_center,1.4,14.0,7.0,0.5,3.0,28.0,3.9600269411102773,45.72139743689033,98.31381421099239,42.16495343210382,86971.35236019922
Robotics,2012-10-01,4.17,2,1.5,1.0,0.0,3.37,0.0,0.0,2.67,0.0,110.41718600000002,4.17,4.623,19.654186,-0.7647828933346364,0.09523809070294806,10.0,0.0,1.0,robotics,1.3,16.0,4.0,0.2,7.0,2.75,0.08905899472567058,44.62422654260631,42.157314108768425,26.19343141499458,98685.42957368556
Semiconductor Plant,2012-10-01,173.107598,8,3.625,1.4,159.294969,7.799999,1.01263,0.0,45.2,1.625,9319.513701999998,173.107598,795.272326,728.841323,0.09114604346995017,0.333333319444445,0.3544469875754412,0.203125,1.0,SemiConductor_Plant,1.5,10.0,7.0,0.8,6.0,10.5,10.638199921131958,44.231182889873196,99.70563786911313,44.66260344718668,26513.392502696584
AI Campus,2013-01-01,26.449025,8,1.625,1.1125,23.25675,2.193,0.999275,0.0,16.5,0.5,448.53668999999996,26.449025,28.978003,9.815396999999999,1.952300456894362,0.3199999872000005,9.01639344262295,0.0625,1.0,AI_Campus,1.5,18.0,5.0,0.6,5.0,6.0,0.40591877564094303,75.67187901760991,82.68971089892099,47.319952891150095,20702.703327685103
AI Intersections,2013-01-01,3195.745391,154,2.3506493506493507,1.2863636363636364,2253.408761,32.374886,8.52679,390.767769,255.22,0.5194805194805194,37368.336671,3195.745391,5795.330924999999,4749.456308,0.22020933533341816,0.45562130042715593,1.379033128869149,0.06493506493506493,0.09401763354841175,AI_Intersections,1.2,20.0,3.0,0.4,8.0,128.75,39.19615675844814,33.191624239643374,12.305742182139515,30.371966732789314,90556.23982037432
Autonomous Vehicles,2013-01-01,59.17473,24,1.4583333333333333,1.0958333333333334,30.187692,8.951102,1.780039,17.8,15.0,0.20833333333333334,5571.504518000001,59.17473,1269.1653390000001,1745.1892060000002,-0.27276347177180316,0.36923076355029594,0.2,0.026041666666666668,0.14706040456445868,Autonomous_Vehicles,1.5,12.0,6.0,0.3,4.0,18.75,4.977582106043499,22.377590829278674,71.07029987387364,27.590764601133344,50730.0649807789
Data Center,2013-01-01,371.986702,35,1.7714285714285714,1.2057142857142857,335.538938,21.518644,1.55,4.511,135.0,0.5142857142857142,4419.957667,371.986702,822.975103,551.947113,0.4910397810323546,0.37634408197479485,1.0246679316888045,0.06428571428571428,0.01426106450045006,data_center,1.4,14.0,7.0,0.5,3.0,30.75,4.344617222410874,31.86162401311938,82.99389486989939,33.63788901103098,67443.24093011496
Robotics,2013-01-01,3.515196,3,1.3333333333333333,1.0,0.0,3.025,0.490196,0.0,3.0,0.0,113.93238200000002,3.515196,7.6851959999999995,7.151524,0.07462352435319729,0.14285713605442207,1.1235955056179776,0.0,-0.36433746110387877,robotics,1.3,16.0,4.0,0.2,7.0,2.5,0.09192539179639989,14.84362302515072,21.65215130814224,10.645076042556871,66708.9308435588
Semiconductor Plant,2013-01-01,631.672857,14,3.642857142857143,1.4000000000000001,585.988603,0.0,0.0,0.0,135.826373,1.5,9951.186558999998,631.672857,804.7804550000001,1148.7840569999998,-0.29945018787856453,0.5833333090277788,3.005008252212389,0.1875,1.0,SemiConductor_Plant,1.5,10.0,7.0,0.8,6.0,11.25,11.359319118397098,52.568942919649324,99.42016874744918,47.7978998560984,16269.18137093624
AI Campus,2013-04-01,87.033638,8,2.0,1.275,79.359998,6.24864,0.35,0.0,40.809998,0.625,535.570328,87.033638,113.482663,10.724375,3.0,0.3199999872000005,2.473333212121212,0.078125,1.0,AI_Campus,1.5,18.0,5.0,0.6,5.0,7.25,0.5558397819594592,69.80592303755095,83.00906595852524,45.406675465557925,33444.551910384034
AI Intersections,2013-04-01,8085.961138,237,2.329113924050633,1.3130801687763713,3705.920315,27.303774,3.682119,1051.123431,2400.0,0.6118143459915611,45454.297808999996,8085.961138,11281.706529,4896.7328769999995,1.3039252520157585,0.7011834298781555,9.40365175143014,0.07647679324894514,1.0,AI_Intersections,1.2,20.0,3.0,0.4,8.0,157.5,48.66808630221132,80.66366131307294,24.135735991356462,53.73344997829917,318263.7118804161
Autonomous Vehicles,2013-04-01,135.772974,27,1.962962962962963,1.1666666666666667,77.975886,11.275584,8.815511,24.767493,44.709996,0.25925925925925924,5707.277492000001,135.772974,194.94770400000021,1443.4102100000002,-0.864939499863355,0.41538460899408297,2.9806663999999996,0.032407407407407406,-0.45509468719606916,Autonomous_Vehicles,1.5,12.0,6.0,0.3,4.0,22.5,5.428555825215609,17.950889606689003,61.86920229796988,23.921534266919863,126543.95076856998
Data Center,2013-04-01,309.271524,41,2.2439024390243905,1.2317073170731707,248.1706,21.447073,3.98,31.158851,42.8,0.6585365853658537,4729.229190999999,309.271524,681.2582259999999,701.501073,-0.028856473283175754,0.44086021031333106,0.317037037037037,0.08231707317073171,0.012999647575109075,data_center,1.4,14.0,7.0,0.5,3.0,34.75,4.748923916705185,27.765410175185764,82.97464114447756,32.36112341411648,154152.2251847858
Semiconductor Plant,2013-04-01,895.586344,12,4.083333333333333,1.4166666666666667,421.151915,0.597772,0.0,11.768441,427.7,1.3333333333333333,10846.772902999997,895.586344,1527.259201,795.272326,0.9204229169664042,0.4999999791666675,3.1488730101038627,0.16666666666666666,0.3503166278577672,SemiConductor_Plant,1.5,10.0,7.0,0.8,6.0,11.75,12.529135672060457,53.17586851018405,89.3171510483198,45.95249600946855,144392.64136276353
AI Campus,2013-07-01,23.954376,13,1.6153846153846154,1.0692307692307692,12.5,10.794376,0.6,0.0,7.2,0.15384615384615385,559.524704,23.954376,110.98801399999999,28.978003,2.830077979145837,0.5199999792000009,0.2,0.019230769230769232,0.9614530571246274,AI_Campus,1.5,18.0,5.0,0.6,5.0,8.25,0.48686161069495404,64.14480230295561,81.61356628817862,43.0488170223571,40318.122750146205
AI Intersections,2013-07-01,5468.905279,226,2.163716814159292,1.2827433628318583,3600.706299,55.870951,1.851386,730.50501,276.263531,0.5176991150442478,50923.203087999995,5468.905279,13554.866416999997,5795.330924999999,1.3389288016647762,0.6686390512762158,0.2,0.06471238938053098,0.690368849361179,AI_Intersections,1.2,20.0,3.0,0.4,8.0,183.0,53.26406611798791,52.98921168379235,17.581164552855952,44.24714167473648,204935.70478489847
Autonomous Vehicles,2013-07-01,664.836709,44,1.7272727272727273,1.1568181818181817,93.042994,12.187987,3.665602,527.786005,515.0,0.25,6372.114201000001,664.836709,800.6096830000002,1269.1653390000001,-0.36918409385494233,0.6769230665088759,10.0,0.03125,0.9241235657840063,Autonomous_Vehicles,1.5,12.0,6.0,0.3,4.0,28.5,6.009865561173589,63.05694973025384,82.15687457859194,45.01309727470627,138010.41167419497
Data Center,2013-07-01,603.568905,49,2.63265306122449,1.230612244897959,538.131811,23.652449,2.25426,26.000002,100.52,0.9795918367346939,5332.7980959999995,603.568905,912.8404290000001,822.975103,0.10919567987320318,0.5268817147647128,2.3485981308411215,0.12244897959183673,0.7046674129921857,data_center,1.4,14.0,7.0,0.5,3.0,41.75,5.350369300245279,46.55272685863042,93.48965447133786,41.806015738453226,138723.46070611017
Robotics,2013-07-01,9.045,6,1.1666666666666667,1.0666666666666667,7.0,1.45,0.0,0.0,5.0,0.3333333333333333,122.97738200000002,9.045,12.560196,4.623,1.7168925552903835,0.28571427210884415,1.6666666666666667,0.041666666666666664,0.17514873425847244,robotics,1.3,16.0,4.0,0.2,7.0,3.25,0.10598625649359761,43.362414646771,30.43013748552218,22.826774000347832,154747.8193419125
Semiconductor Plant,2013-07-01,402.266229,15,2.6,1.2733333333333334,331.757531,5.777851,0.0,26.0,139.143676,1.2,11249.039131999998,402.266229,1297.8525730000001,804.7804550000001,0.612679041002954,0.6249999739583344,0.32533008183306056,0.15,-0.1767204802069718,SemiConductor_Plant,1.5,10.0,7.0,0.8,6.0,12.25,11.679061796223685,39.16057218940622,81.11847980060334,38.657444934932485,23375.0356988063
AI Campus,2013-10-01,117.493647,11,1.7272727272727273,1.1454545454545455,112.6433,2.296347,0.146,0.008,105.0,0.6363636363636364,677.018351,117.493647,141.44802299999998,113.482663,0.24642847651161923,0.4399999824000007,10.0,0.07954545454545454,1.0,AI_Campus,1.5,18.0,5.0,0.6,5.0,10.0,0.631382525965573,66.20305295067433,83.21676954581086,44.227813929574964,33876.716307029696
AI Intersections,2013-10-01,5939.304215,243,2.42798353909465,1.3127572016460904,3791.40047,47.485302,11.156042,960.09313,356.962756,0.4773662551440329,56862.50730299999,5939.304215,11408.209493999999,11281.706529,0.011213105452052535,0.7189349091155772,1.292109583584523,0.059670781893004114,0.6423559904684406,AI_Intersections,1.2,20.0,3.0,0.4,8.0,215.0,60.86816922504786,43.90249413195858,14.61574699603025,43.36707738521221,186155.4061024991
Autonomous Vehicles,2013-10-01,566.728905,48,2.0625,1.1479166666666667,292.344161,18.191496,2.25,130.015,283.165,0.4375,6938.843106000001,566.728905,1231.5656140000003,194.94770400000021,3.0,0.7384615271005919,0.5498349514563107,0.0546875,-0.2658126845015869,Autonomous_Vehicles,1.5,12.0,6.0,0.3,4.0,35.75,6.4940974540426994,58.69518385790322,64.14824737275049,39.178015175070826,133795.14134973465
Data Center,2013-10-01,1550.60983,63,2.3968253968253967,1.234920634920635,1402.281572,27.972445,0.282,84.200898,537.77908,0.9841269841269841,6883.407926,1550.60983,2154.1787350000004,681.2582259999999,2.1620590410866343,0.6774193475546307,5.349970951054517,0.12301587301587301,1.0,data_center,1.4,14.0,7.0,0.5,3.0,47.0,6.930555534985325,80.16408131850847,97.57736685153883,55.2239923883568,206176.01347987054
Robotics,2013-10-01,112.357407,8,2.625,1.3,104.437407,5.27,2.0,0.65,73.50035,0.625,235.334789,112.357407,121.402407,7.6851959999999995,3.0,0.38095236281179223,10.0,0.078125,1.0,robotics,1.3,16.0,4.0,0.2,7.0,4.75,0.24849031413739528,89.98849452249105,43.466058934297024,42.46188394210108,248322.57273281954
Semiconductor Plant,2013-10-01,401.865163,17,2.411764705882353,1.2411764705882353,297.450551,2.0,1.617512,0.0,96.254773,1.0,11650.904294999998,401.865163,804.131392,1527.259201,-0.4734807346736157,0.7083333038194456,0.691765344764932,0.125,0.660738083258483,SemiConductor_Plant,1.5,10.0,7.0,0.8,6.0,14.5,11.790817958025617,41.10394834449641,93.16666199570136,42.39437460270933,37132.36904460956
AI Campus,2014-01-01,12.583611,16,1.75,1.0375,3.003874,7.479944,1.789043,0.0,2.614554,0.0625,689.6019620000001,12.583611,130.077258,110.98801399999999,0.1719937418468112,0.639999974400001,0.2,0.0078125,-0.26211578687683196,AI_Campus,1.5,18.0,5.0,0.6,5.0,12.0,0.5824308535015786,27.205606236709936,63.118626141227644,25.53459105955602,47566.61335531849
AI Intersections,2014-01-01,7543.579858,324,2.5987654320987654,1.278395061728395,3986.633159,58.840004,3.630452,1441.531088,250.0,0.4351851851851852,64406.08716099999,7543.579858,13482.884073000001,13554.866416999997,-0.005310442890415239,0.9585798788207696,0.7003531763408953,0.05439814814814815,0.6802535770284712,AI_Intersections,1.2,20.0,3.0,0.4,8.0,257.5,67.1386301752543,48.336039558653034,12.225370330936286,46.82940849836436,239425.82054694105
Autonomous Vehicles,2014-01-01,728.466647,58,1.7758620689655173,1.1568965517241379,332.026424,16.577723,4.733629,53.16089,240.0,0.3275862068965517,7667.309753000001,728.466647,1295.1955520000001,800.6096830000002,0.6177615370937728,0.8923076785798819,0.8475623752935567,0.040948275862068964,1.0,Autonomous_Vehicles,1.5,12.0,6.0,0.3,4.0,44.25,7.2321193503201195,56.04508324717894,82.37454070788402,43.10226205361168,162658.1854725338
Data Center,2014-01-01,1024.160066,63,2.3015873015873014,1.2634920634920634,816.933546,31.809061,5.572766,75.064701,139.8,0.6984126984126984,7907.567992,1024.160066,2574.769896,912.8404290000001,1.8206133431228495,0.6774193475546307,0.25995804820075935,0.0873015873015873,0.8766084385457413,data_center,1.4,14.0,7.0,0.5,3.0,54.0,8.146106702220784,61.144265285847,94.71367539089222,48.33735437865782,210008.1416409894
Robotics,2014-01-01,32.32792,8,2.25,1.1125,16.659989,3.453135,0.0,0.0,14.5,0.25,267.662709,32.32792,144.685327,12.560196,3.0,0.38095236281179223,0.2,0.03125,1.0,robotics,1.3,16.0,4.0,0.2,7.0,6.25,0.24183602681075744,63.36555668345157,42.86379610385751,32.990628275896725,243833.79682607896
Semiconductor Plant,2014-01-01,506.643731,24,2.4166666666666665,1.3083333333333333,458.354185,0.535952,0.0,0.0,153.624633,1.0833333333333333,12157.548025999999,506.643731,908.508894,1297.8525730000001,-0.2999906821466149,0.999999958333335,1.5960209370604406,0.13541666666666666,-0.0989666760368651,SemiConductor_Plant,1.5,10.0,7.0,0.8,6.0,17.0,12.969356868747509,43.32375952107982,81.74519269213644,40.78735675291105,32844.049284083594
AI Campus,2014-04-01,76.626553,17,2.0588235294117645,1.1588235294117646,65.542216,9.644337,1.25,0.0,23.6,0.4117647058823529,766.228515,76.626553,89.210164,141.44802299999998,-0.36930780312632705,0.679999972800001,9.026396088969667,0.051470588235294115,-0.05978771679060452,AI_Campus,1.5,18.0,5.0,0.6,5.0,14.25,0.7230612522215467,49.720356049787874,66.66010710145271,34.35637589367755,44190.93456359715
AI Intersections,2014-04-01,9885.544052,312,2.855769230769231,1.351602564102564,6883.414883,42.267937,0.957742,764.512898,534.305937,0.75,74291.63121299999,9885.544052,17429.12391,11408.209493999999,0.5277703235234987,0.9230769203459263,2.137223748,0.09375,0.11127823169609696,AI_Intersections,1.2,20.0,3.0,0.4,8.0,276.25,81.87862050070905,50.92521720432931,3.001305562254488,51.3256006123625,316977.4351760721
Autonomous Vehicles,2014-04-01,3166.596906,65,2.1384615384615384,1.1784615384615384,2314.867403,30.357783,4.503774,152.412369,1507.45,0.49230769230769234,10833.906659000002,3166.596906,3895.0635530000004,1231.5656140000003,2.1626926787818763,0.9999999846153849,6.281041666666667,0.06153846153846154,1.0,Autonomous_Vehicles,1.5,12.0,6.0,0.3,4.0,53.75,10.409898315423712,87.36485609801488,82.03991016470927,55.251636501652015,306575.6238233501
Data Center,2014-04-01,4293.388134,93,2.913978494623656,1.2989247311827956,2933.698527,38.240952,6.504253,405.0,1107.215,1.1827956989247312,12200.956126000001,4293.388134,5317.548199999999,2154.1787350000004,1.4684804989180797,0.9999999892473119,7.919992846924176,0.1478494623655914,1.0,data_center,1.4,14.0,7.0,0.5,3.0,67.0,12.922060547412984,89.25993225932058,96.59485469316611,60.55851418301893,461624.2396057655
Robotics,2014-04-01,53.313,14,1.7857142857142858,1.1714285714285713,39.8,9.78,0.035,0.0,19.67,0.2857142857142857,320.975709,53.313,85.64092,121.402407,-0.29456983258519887,0.6666666349206364,1.3565517241379312,0.03571428571428571,1.0,robotics,1.3,16.0,4.0,0.2,7.0,9.0,0.3056233437192348,43.16459550445355,43.11720882388733,26.009159970018267,398543.71045552636
Semiconductor Plant,2014-04-01,719.926251,20,2.85,1.33,323.941883,3.603484,0.0,135.000001,239.0,0.75,12877.474277,719.926251,1226.569982,804.131392,0.5253352793801448,0.8333332986111125,1.5557400875938954,0.09375,-0.09806988135585065,SemiConductor_Plant,1.5,10.0,7.0,0.8,6.0,19.0,13.964928234350223,44.719337922259506,80.99740884321136,41.48709177733376,119150.67683589843
AI Campus,2014-07-01,656.716686,21,2.7142857142857144,1.1571428571428573,243.85,10.988168,1.371132,0.0,509.0,0.42857142857142855,1422.945201,656.716686,733.343239,130.077258,3.0,0.8399999664000013,10.0,0.05357142857142857,1.0,AI_Campus,1.5,18.0,5.0,0.6,5.0,16.25,1.3416688371548307,100.0,82.47091593135396,56.15439651770042,206040.38655599995
AI Intersections,2014-07-01,10217.870141,338,3.1893491124260356,1.3068047337278106,6569.126739,56.553504,4.094263,401.067461,321.184551,0.7041420118343196,84509.50135399998,10217.870141,20103.414192999997,13482.884073000001,0.49103219190075453,0.9999999970414202,0.6011248027738086,0.08801775147928995,0.4341787450804375,AI_Intersections,1.2,20.0,3.0,0.4,8.0,304.25,90.05302897267136,52.30181042922741,5.866600543555128,55.79349537518692,354796.9998488334
Autonomous Vehicles,2014-07-01,690.936094,65,2.0153846153846153,1.196923076923077,634.734312,31.129549,2.078312,0.0,110.0,0.6,11524.842753000003,690.936094,3857.533000000001,1295.1955520000001,1.9783402143907765,0.9999999846153849,0.2,0.075,0.01962841750965949,Autonomous_Vehicles,1.5,12.0,6.0,0.3,4.0,59.0,11.2473516326806,59.28902733770493,67.16404507213062,42.04111148930161,234832.46988176304
Data Center,2014-07-01,1813.722584,81,2.7160493827160495,1.2395061728395063,1660.152551,60.553237,9.367985,31.9034,564.059999,0.8641975308641975,14014.67871,1813.722584,6107.110718,2574.769896,1.3719054374978195,0.8709677325702394,0.5094403516932122,0.10802469135802469,1.0,data_center,1.4,14.0,7.0,0.5,3.0,75.0,14.164088899024042,64.87776472187724,95.45463214553094,52.23651124864938,308831.6129541473
Robotics,2014-07-01,63.190747,21,2.238095238095238,1.1047619047619048,47.853923,7.581143,1.125,0.0,26.6,0.14285714285714285,384.166456,63.190747,116.503747,144.685327,-0.19477842286814318,0.9999999523809546,1.3523131672597863,0.017857142857142856,1.0,robotics,1.3,16.0,4.0,0.2,7.0,12.75,0.34510023677495116,51.33923053429653,42.79821967154432,28.806325699599842,309596.9537513183
Semiconductor Plant,2014-07-01,1433.501036,21,4.857142857142857,1.3952380952380952,1200.582223,4.4,0.0,139.020273,268.412808,2.142857142857143,14310.975312999999,1433.501036,2153.427287,908.508894,1.3702875116043853,0.8749999635416682,1.1230661422594141,0.26785714285714285,1.0,SemiConductor_Plant,1.5,10.0,7.0,0.8,6.0,20.5,16.280894529896212,74.26640235521104,100.0,57.50559863628235,69730.09494008351
AI Campus,2014-10-01,203.481292,25,2.08,1.204,116.590965,23.146327,3.155,55.0,55.0,0.52,1626.426493,203.481292,860.1979779999999,89.210164,3.0,0.9999999600000016,0.2,0.065,0.3659246571859328,AI_Campus,1.5,18.0,5.0,0.6,5.0,19.75,1.5958112214529108,72.40317087307733,72.88344414795097,44.200295331145966,109045.21567117344
AI Intersections,2014-10-01,5352.974548,170,3.164705882352941,1.3647058823529412,3874.978558,72.703459,5.300405,264.11929,240.04,0.788235294117647,89862.47590199998,5352.974548,15570.844689,17429.12391,-0.10661919844560792,0.5029585783936137,0.7473584867411633,0.09852941176470588,-0.04936013089876723,AI_Intersections,1.2,20.0,3.0,0.4,8.0,286.0,100.0,29.666039372861544,0.0,50.38311378050154,182910.74347730452
Autonomous Vehicles,2014-10-01,1140.205019,41,2.7560975609756095,1.278048780487805,1005.629912,29.295586,0.954194,93.0,276.83,0.9024390243902439,12665.047772000002,1140.205019,1831.1411130000001,3895.0635530000004,-0.5298815825175622,0.6307692210650889,2.5166363636363633,0.11280487804878049,0.505952765899597,Autonomous_Vehicles,1.5,12.0,6.0,0.3,4.0,57.25,13.198022687933367,40.746970706883495,75.15348068693153,38.32901899431545,137315.47896933425
Data Center,2014-10-01,1137.588639,51,2.7058823529411766,1.2745098039215685,1059.875643,34.601,4.860901,25.0,230.099999,0.9803921568627451,15152.267349,1137.588639,2951.311223000001,5317.548199999999,-0.44498646510717327,0.5483870908775582,0.40793532497949747,0.12254901960784313,-0.13318024399471273,data_center,1.4,14.0,7.0,0.5,3.0,72.0,15.746376225631234,26.972592723862448,78.8591212576126,35.453738258007505,139262.89591293488
Robotics,2014-10-01,57.336259,3,3.3333333333333335,1.3333333333333333,55.400645,0.46,0.0,0.0,49.300645,1.0,441.50271499999997,57.336259,120.527006,85.64092,0.40735299892442783,0.14285713605442207,1.8534077067669172,0.125,-0.24484877975156544,robotics,1.3,16.0,4.0,0.2,7.0,11.5,0.47904102896164,27.252712869796678,25.798034547933764,16.179574552996932,156533.14399962345
Semiconductor Plant,2014-10-01,1150.634995,22,4.5,1.4181818181818182,778.288069,3.65,0.0,210.377366,247.377366,1.5,15461.610308,1150.634995,2584.136031,1226.569982,1.1067986888767682,0.9166666284722238,0.9216302599092068,0.1875,0.9316182403200746,SemiConductor_Plant,1.5,10.0,7.0,0.8,6.0,21.75,17.87926553714402,67.61839057126778,97.6816769610056,55.23856215505273,58427.83044592365
